"x.start","x.end","y.start","y.end","avg_log_p_value","RSS","r_squared","nb_points","leftmost","segment.squared_length","slope","loss","is_best","relative_segment_squared_length","linearity","relative_linearity"
-1.85,-1.44830092184764,0.20045,-0.143806109976569,-0.583210855772573,0.000148365384402962,0.998660200571524,9,1,0.279874418644651,-0.857,0.011449,0,0.886494050312281,2.87296021180383,0.936595527604714
-1.44830092184764,-1.01358273093271,-0.143986375098964,-0.4999771016392,-0.379425836118349,6.07173341410344e-05,0.999143850274636,8,2,0.315709302894995,-0.8189,0.00474720999999999,1,1,3.06745027829809,1
-1.01358273093271,-0.8,-0.49958690216415,-0.60672,-0.490698126528599,1.81443259260053e-05,0.997125068780651,5,3,0.0570950836045821,-0.5016,0.06170256,0,0.180847010465105,2.54137254103152,0.82849673522387
-2.4,-2.0795401775303,0.19902,0.120571435459418,-1.39208451240857,3.91003587676664e-05,0.990782572027049,7,1,0.108848675095787,-0.2448,0.25522704,0,0.0945497962823374,2.03539024738307,0.718391201413499
-2.0795401775303,-1.17114944028675,0.120198955595548,-0.450815461835747,-0.588196342710991,0.000703780291044419,0.9985319584735,18,2,1.15123119642428,-0.6286,0.01473796,1,1,2.83326165935531,1
-1.17114944028675,-0.8,-0.450518947784739,-0.60488,-0.254052910599015,9.14538742063632e-05,0.994986696099823,8,3,0.161579241466172,-0.4159,0.11162281,0,0.140353425070513,2.29987596820373,0.811741464333036
-2.55,-1.40690471645297,-0.3425,-0.399654764177352,-13.931243738284,4.99487933412149e-05,0.992209553432957,23,1,1.30993349433564,-0.05,0.330625,0,1,2.10843764681474,0.684771940067833
-1.40690471645297,-1.17590042150795,-0.400198625922601,-0.556149625439984,-14.553032327118,9.39412495310201e-06,0.999166388455848,5,2,0.0776836985335166,-0.6751,0.00251001,1,0.0593035439351947,3.07903627973699,1
-1.17590042150795,-0.8,-0.555162686244162,-0.7012,-15.9761751699756,2.8456685013142e-05,0.998183915961868,8,3,0.162628023898874,-0.3885,0.05593225,0,0.124149832493103,2.74086405864943,0.890169458764398
-1.9,-1.63896467412105,-0.25297,-0.351563042584478,-0.797353040396796,5.18304111121172e-05,0.991764504115382,6,1,0.0778600294027924,-0.3777,0.01630729,0,0.21378819511188,2.08431024549612,0.46439924156853
-1.63896467412105,-1.04425435238954,-0.35164249018153,-0.454170549648044,-0.292522743007197,1.09473901987365e-05,0.998971263000747,12,2,0.364192369751972,-0.1724,0.00602176,0,1,2.98769564017667,0.66567997366697
-1.04425435238954,-0.8,-0.454102941795203,-0.50928,-0.608568967407666,4.14590691268149e-08,0.999967505201598,5,3,0.0627046964133678,-0.2259,0.000580810000000001,1,0.172174657190297,4.48818615305284,1
-1.3,-0.972915226143186,-0.46148,-0.512636058631206,-0.384395080217469,2.12172220879925e-06,0.998758318792367,7,1,0.109601391623642,-0.1564,0.00876096,0,1,2.90598989170945,0
-0.972915226143186,-0.888564798409007,-0.512683529244527,-0.524155187416375,-0.160898070525316,0,1,2,2,0.00724659360015063,-0.136,0.012996,0,0.0661177152296984,Inf,NA
-0.888564798409007,-0.8,-0.524155127790628,-0.53922,-0.459092217896323,0,1,2,3,0.00807067389191282,-0.1701,0.00638401,1,0.0736366005244397,Inf,NA
-3.1,-1.83061197926848,-0.426628,-0.480094623433212,-17.4363261181028,9.28926660255776e-05,0.985888494998531,26,1,1.61420462699804,-0.04212,0.3397490944,0,1,1.85042666597792,0.99249852673471
-1.83061197926848,-1.22675959173303,-0.480050231760225,-0.542971650541418,-17.1379708466739,9.58993854499862e-05,0.97592600956047,12,2,0.368596810873695,-0.1042,0.27123264,0,0.228345777672054,1.61845191627962,0.86807608862985
-1.22675959173303,-0.8,-0.543011466934266,-0.69242,-13.4250656459231,0.000254782502166944,0.98633569669465,9,3,0.204446658888999,-0.3501,0.07557001,1,0.126654734765078,1.86441250655129,1
-1.7,-1.42057863609855,-0.32898,-0.395091094699083,-0.380810385321826,1.2541855676165e-05,0.994906594760163,6,1,0.0824469754468569,-0.2366,0.26357956,0,0.74670619380041,2.29299176925409,0.691664498321178
-1.42057863609855,-1.11753802013423,-0.395028288879795,-0.517426393667786,-0.350814100487397,8.17392250165928e-06,0.998855782089849,6,2,0.106814910979729,-0.4039,0.11978521,1,0.967401838412055,2.94149125861645,0.887279711592207
-1.11753802013423,-0.8,-0.517463028392618,-0.61536,-0.50693272474854,3.2225659205739e-06,0.999516027389769,7,3,0.110414211280661,-0.3083,0.19509889,0,1,3.31517921596336,1
-3.3,-2.37877862643667,2.3095,0.0202648866951254,-10.9179086101442,10.0403649415053,0.467179973276773,19,1,6.08924622309788,-2.485,1000003.4596,0,1,0.27341946001656,0.145018021433398
-2.37877862643667,-2.18058505753251,0.0210537618571207,0.0107595878882387,-12.7257925961147,7.63776512429611e-07,0.980593715150087,4,2,0.0393866607726686,-0.05194,0.3283977636,0,0.00646823257421684,1.71205759823421,0.908052431457893
-2.18058505753251,-0.8,0.011093378423193,-0.71896,-12.457246575726,0.0168501163535053,0.986980842465474,28,3,2.43899303642917,-0.5288,0.00925443999999999,1,0.400541043516605,1.88541711791408,1
-3.25,-2.12852766829293,-0.4489275,-0.487427645147504,-4.2608350185739,3.58624602899062e-05,0.98811053026179,23,1,1.25918245196087,-0.03433,0.3488910489,0,1,1.92483751417059,0.876595288913388
-2.12852766829293,-1.27548421872505,-0.487360050767982,-0.549615161717446,-2.9317154025915,4.10011982002763e-05,0.992520430617503,17,2,0.731558825690006,-0.07298,0.3047260804,0,0.580979209606028,2.12612340483457,0.968263423071097
-1.27548421872505,-0.8,-0.549595509132446,-0.69148,-11.3632251828382,0.000117910957629324,0.99362927185922,10,3,0.246216451005312,-0.2984,0.10666756,1,0.195536755314442,2.19581092724852,1
-1.5,-1.21809658195019,0.26205,0.082674855094908,-20.5436078394159,3.04639394532286e-05,0.998283194292066,6,1,0.111644979717887,-0.6363,0.000127689999999999,1,1,2.76527885145923,0.572151365931007
-1.21809658195019,-1.03559057541658,0.0825814847536201,-0.0543892731498589,-20.3074702290024,1.03404483477703e-07,0.999985314951582,4,2,0.0520694309415018,-0.7505,0.01575025,0,0.466383988541849,4.83312461722354,1
-1.03559057541658,-0.8,-0.0543976473630807,-0.26756,-18.3372459082652,3.24188490652117e-05,0.99841867357557,5,3,0.10094110780682,-0.9048,0.07828804,0,0.904125810778831,2.800978471816,0.579537813247006
-1.3,-1.08407329784791,-0.48408,-0.566866297605111,-0.833006295286873,3.47480750012045e-05,0.990635262231822,5,1,0.0534779117734388,-0.3834,0.13439556,1,1,2.02850437925272,0
-1.08407329784791,-0.965059037197476,-0.566734783388984,-0.59598848865686,-0.247651920560746,0,1,2,2,0.0150201735100695,-0.2458,0.25421764,0,0.280866866561713,Inf,NA
-0.965059037197476,-0.8,-0.595969933702646,-0.61992,-0.691383398199916,1.32452788526755e-06,0.994990106520672,4,3,0.0278180914362053,-0.1451,0.36590401,0,0.520179089154747,2.30017150803133,0
-3.35,-1.98310286475802,-0.4604925,-0.513049694850054,-0.36796260245712,0.0001009644634658,0.985269789594849,28,1,1.87117003706323,-0.03845,0.3440409025,0,1,1.8317910496853,0.792000168407395
-1.98310286475802,-1.13271678671954,-0.513010957003229,-0.586033609524393,-9.22667976859992,9.22910985010237e-05,0.98787865141845,17,2,0.728488789502891,-0.08587,0.2906611569,0,0.389322603009527,1.91644905929977,0.828603228501619
-1.13271678671954,-0.8,-0.586025379640291,-0.69326,-15.7976237525681,3.55401250479604e-05,0.995134438068962,7,3,0.122199723968669,-0.3223,0.09162729,1,0.06530658440879,2.31286699517853,1
-1.95,-1.71586230082596,0.0312999999999994,-0.220163888912923,-0.340647629354278,0.000102001887556016,0.996477595418921,5,1,0.118054549601726,-1.074,1000000.104976,0,0.199799432267077,2.45316076272454,0.859846399675068
-1.71586230082596,-1.03043246937788,-0.219028296100745,-0.566952478543786,-0.501189315808534,0.000205875941625316,0.998597257610593,14,2,0.59086529056759,-0.5076,0.05875776,1,1,2.85302207888708,1
-1.03043246937788,-0.8,-0.566832832721178,-0.63246,-0.141892643706302,1.36693139843348e-05,0.9933145768179,5,3,0.0574060480286323,-0.2848,0.21641104,0,0.0971558982141049,2.17487109702817,0.762304334453853
-2.4,-2.06501140469305,0.3202,-0.107915424802279,-0.570126767103809,0.000191893372447163,0.998331068178215,7,1,0.295500175939358,-1.278,1000001.056784,0,0.324729904151781,2.77756140449964,1
-2.06501140469305,-1.73032611436767,-0.108318117742187,-0.324959906169808,-0.424008281892038,0.000455916816724165,0.984724518244683,7,2,0.158947908053304,-0.6473,0.15784729,0,0.174670416974195,1.81600508417042,0.653812758640907
-1.73032611436767,-0.8,-0.324935069872849,-0.53584,-0.361989672623522,0.000740793733823871,0.989965531065172,19,3,0.909987568626383,-0.2267,0.000542889999999999,1,1,1.99850560721004,0.719518065009281
-1.85,-1.62487405656588,-0.115350000000001,-0.328994520318979,-1.41042556428,8.20250720683518e-05,0.99641171933424,5,1,0.096325671469428,-0.949,0.488601,0,0.269109730321579,2.44511359494127,1
-1.62487405656588,-1.38910511309462,-0.328922033461308,-0.440370013040172,-0.616351083856556,5.78714812677019e-05,0.989850922942012,5,2,0.068007646857765,-0.4727,0.04959529,0,0.189996282678464,1.99357345005104,0.815329583940626
-1.38910511309462,-0.8,-0.440250573959633,-0.54464,-0.532893679854373,6.82252697866613e-05,0.993919925012131,12,3,0.357941986543264,-0.1772,0.00529984,1,1,2.21609106437578,0.906334605050939
-2.3,-1.9196608307643,0.51846,0.394013023826079,-2.38823385061093,0.000130098659307712,0.988582159578282,8,1,0.160144933533734,-0.3272,0.17875984,0,0.235911266887441,1.94241603108336,0.751459012865293
-1.9196608307643,-1.37472128309388,0.392895382086716,-0.225066064971537,-0.591160482525979,0.000923163494899343,0.997398999615447,11,2,0.678835460665569,-1.134,1000000.147456,0,1,2.58485958359455,1
-1.37472128309388,-0.8,-0.224333548565284,-0.57704,-0.388066146719156,0.00194224821178128,0.985782888789328,12,3,0.454706394124749,-0.6137,0.01857769,1,0.669833001474215,1.84718863938094,0.714618562302019
-1.25,-1.12746770793542,-0.4433,-0.460160443388087,-0.517311274167094,2.60675793532437e-07,0.99723738857608,3,1,0.0152984371498431,-0.1376,0.01263376,0,0.446428112486212,2.55868019663081,0.763714492548147
-1.12746770793542,-0.946239973324586,-0.460048476437053,-0.497798213556489,-0.387913544669577,1.04060377910134e-06,0.998022628173943,4,2,0.0342685344447603,-0.2083,0.00173889,0,1,2.70391165804023,0.807063158004025
-0.946239973324586,-0.8,-0.497852870972953,-0.53608,-0.158979528713741,1.41816931497293e-07,0.999553634996275,3,3,0.0228474431916262,-0.2614,0.00012996,1,0.666717837859552,3.35030986264739,1
-1.55,-1.47030367042275,-0.44317,-0.458519513076578,-0.568876758351296,0,1,2,1,0.00658711249977351,-0.1926,0.00329476,1,0.0255835694572192,Inf,NA
-1.47030367042275,-0.965721852305441,-0.458453750201104,-0.512040339285162,-0.697490048104219,7.51631995908595e-06,0.996778109013266,10,2,0.257474333704234,-0.1062,0.02067844,0,1,2.49188915810073,0
-0.965721852305441,-0.8,-0.512086877117872,-0.53668,-0.723538299902905,1.78070942478258e-07,0.999354408225773,4,3,0.0280685540246419,-0.1484,0.01032256,0,0.10901495935857,3.19004201179086,0
-2.65,-1.60980039060486,-0.361383,-0.404842539680529,-8.82669448682274,3.3023023929981e-05,0.990274081648482,21,1,1.08390395897504,-0.04178,0.3401455684,0,1,2.01206938062782,0.731632226781752
-1.60980039060486,-1.16735286288259,-0.404865327818283,-0.531936257780121,-18.8859507969515,5.65232353581258e-05,0.995453121361332,9,2,0.211906836028921,-0.2872,0.11410884,0,0.195503332444052,2.34228663745093,0.851706409738539
-1.16735286288259,-0.8,-0.5320724178279,-0.69852,-10.2411751998228,3.8394324604316e-05,0.998222172495571,8,3,0.162652923478971,-0.4531,0.02954961,1,0.150062117710852,2.75011037919743,1
-1.3,-1.17704830948933,-0.42787,-0.493046691139707,-0.598606281641542,2.72078793164991e-06,0.99807137446686,3,1,0.0193651192673526,-0.5301,0.07845601,0,0.406454031975722,2.71475208789697,1
-1.17704830948933,-1.01616109015582,-0.49297534966298,-0.5424320808861,-0.237703024859036,1.52215001343909e-06,0.99684295090535,3,2,0.028330665608143,-0.3074,0.00329476,1,0.594631672855165,2.50071866442708,0.921159127412002
-1.01616109015582,-0.8,-0.542434215160153,-0.57274,-0.274950065066609,6.95785601610466e-06,0.986144278065801,5,3,0.0476440574921134,-0.1402,0.01205604,0,1,1.85837084094847,0.68454532155387
-1.8,-1.71408608562816,-0.1501,-0.170719339449243,-0.646031772733222,0,1,2,1,0.00780635784201574,-0.24,0.2601,0,0.0250023867612292,Inf,NA
-1.71408608562816,-1.23816530317882,-0.170494240121559,-0.463280705484392,-0.213302997043966,0.000145930389055033,0.998132883296709,10,2,0.312224505466852,-0.6152,0.01817104,1,1,2.72882853582107,0
-1.23816530317882,-0.8,-0.46338845271797,-0.62494,-0.331077640725757,6.71833817417633e-05,0.996662750881252,9,3,0.218087735339002,-0.3687,0.14538969,0,0.698496535410979,2.47661137294981,0
-3.65,-2.62331476683896,-0.5350385,-0.562255925531099,-0.627955911885929,6.75000688458777e-05,0.952682014987395,21,1,1.05482335624348,-0.02651,0.3581902801,0,0.621368979092391,1.32497375763115,0.616612776732499
-2.62331476683896,-1.32312379971787,-0.562192835142514,-0.646354196444262,-0.422770510718672,0.000109394127337184,0.992900853713674,26,2,1.69757968571945,-0.06473,0.3139024729,0,1,2.14879387458096,1
-1.32312379971787,-0.8,-0.64637124722342,-0.72688,-7.68616019202311,0.00014979203076666,0.977401407883762,11,3,0.2801401691049,-0.1539,0.22193521,1,0.165023280769394,1.64591861639219,0.76597324474092
-2.1,-1.72274192403746,-0.284586,-0.302068139240104,-19.7786571521655,1.77571441560657e-06,0.992185747735952,8,1,0.142629281071369,-0.04634,0.3348473956,0,0.471804113058091,2.10711257274837,0.685973514795344
-1.72274192403746,-1.31649415582708,-0.302087924882311,-0.498264972151105,-12.5135189600074,2.07750696949554e-05,0.999152209130125,8,2,0.20352268305102,-0.4829,0.02019241,1,0.673233702384304,3.07171126479572,1
-1.31649415582708,-0.8,-0.498179633123118,-0.6867,-0.433385333744016,6.82628331671414e-05,0.998139963492407,11,3,0.302306141730917,-0.365,0.0676,0,1,2.73047853164743,0.888911195183254
-3.3,-2.06867874403463,-0.45853,-0.503965754345122,-0.474821391161803,4.94291622594146e-05,0.988950232895552,25,1,1.51821644316505,-0.0369,0.34586161,0,1,1.95664687549189,0.664522389050762
-2.06867874403463,-1.17785872275669,-0.504045660260201,-0.570901702857111,-7.68862159487645,5.28294508780203e-05,0.992318560707757,18,2,0.798030040741348,-0.07505,0.3024450025,0,0.525636541702632,2.11455739740155,0.71815244288931
-1.17785872275669,-0.8,-0.570480837688998,-0.7118,-16.1902113361633,1.67209333933867e-05,0.998863526956881,8,3,0.162748319999599,-0.374,0.063001,1,0.107197047385625,2.94444086118282,1
-1.2,-1.07334849012515,-0.5571748,-0.557462425578926,-0.607930673797312,7.91664240854965e-11,0.996938555764672,3,1,0.016040687682052,-0.002271,0.061369657441,0,0.813499985294934,2.51407364689623,0.520205487155385
-1.07334849012515,-0.932928483941059,-0.557452043856921,-0.558033944362548,-0.940015789612327,6.06578009278391e-10,0.992984900507495,3,2,0.0197181167449394,-0.004144,0.060445172736,0,1,2.15396616515741,0.445692996959439
-0.932928483941059,-0.8,-0.558086469977342,-0.5590288,-0.224282728876588,3.69266091717954e-12,0.999985305569085,3,3,0.01767086982874,-0.007089,0.059005753921,1,0.896174318131835,4.83284722859003,1
-1.95,-1.72586802345273,-0.0372000000000003,-0.293606981170072,-1.56574316428437,7.54305306553e-05,0.997699193861079,5,1,0.115979682903733,-1.144,1000000.155236,0,0.243769322576005,2.63811997252814,1
-1.72586802345273,-1.47026016028251,-0.293922087253182,-0.463364539748726,-0.655481268751771,6.84267372920794e-05,0.993799542871665,5,2,0.0940461244221541,-0.6629,0.00758640999999999,1,0.197668759452603,2.20757629098641,0.836799051587812
-1.47026016028251,-0.8,-0.462926781051351,-0.6258,-0.668682812419283,0.000136986331557757,0.995935362783834,14,3,0.475776367912627,-0.243,0.257049,0,1,2.3909782107214,0.906318983071152
-2.9,-2.16134741769333,-0.420641,-0.442586368220331,-16.1712053672404,2.00627668569516e-06,0.996763524503754,15,1,0.546089236534641,-0.02971,0.3543701841,0,0.879963399475878,2.48992767673054,0.810214509143542
-2.16134741769333,-1.37520430510744,-0.442574066723081,-0.493178098880234,-15.6220455052566,2.9780357393065e-06,0.999155053775362,16,2,0.620581761536789,-0.06437,0.3143059969,0,1,3.07317093020537,1
-1.37520430510744,-0.8,-0.49283258932733,-0.7882,-15.4491077302312,0.000981794529131055,0.989692095920278,12,3,0.418101899901611,-0.5135,0.01243225,1,0.673725729332162,1.98682963143286,0.646508012914233
-3.2,-1.92908178731781,-0.432788,-0.481286238995952,-5.73486884537709,3.72778744573156e-05,0.993048635532057,26,1,1.61758518251301,-0.03816,0.3443811856,0,1,2.1579299403399,0.803340291103208
-1.92908178731781,-1.17136426396538,-0.481200421895749,-0.538900611299036,-17.2552489600645,3.39977915424967e-05,0.9916938593339,15,2,0.577465157052505,-0.07615,0.3012363225,0,0.356992115961016,2.08060071830273,0.774552665248984
-1.17136426396538,-0.8,-0.538617085357749,-0.70328,-9.56799609149948,4.26043629859085e-05,0.997940302590702,8,3,0.165025292009033,-0.4434,0.03297856,1,0.102019537390085,2.68619657726425,1
-2.7,-1.92094072256012,0.830799999999999,-0.114977962812012,-1.61961734351822,0.00461215521043502,0.996333376994499,16,1,1.50142931270598,-1.214,1000000.929296,0,1,2.43573374099314,1
-1.92094072256012,-1.48052752700149,-0.114994535527349,-0.383470419539889,-0.558979958622804,0.000928317942317877,0.983268606981137,9,2,0.266043083118477,-0.6096,0.12931216,0,0.177193212405715,1.77646789913206,0.72933583389444
-1.48052752700149,-0.8,-0.383466985305857,-0.53958,-0.659056859401251,0.000569701313014928,0.980836003169348,14,3,0.487488988363663,-0.2294,0.00042436,1,0.324683276287631,1.71751390963764,0.705132043265675
-2.15,-1.38717198995535,-0.3457455,-0.387418794188739,-13.8748018984066,9.13828289177511e-06,0.996432615761182,16,1,0.583643236357216,-0.05463,0.3253219369,0,1,2.4476501107875,0
-1.38717198995535,-1.26587861612379,-0.387650801370203,-0.46698879719343,-13.0662216726096,0,1,2,2,0.0210066001166902,-0.6541,0.000846810000000001,1,0.0359921931894594,Inf,NA
-1.26587861612379,-0.8,-0.466541196531379,-0.70372,-12.8009433040791,6.71211821537147e-05,0.998745549260801,10,3,0.273296669776223,-0.5091,0.01343281,0,0.468259807964181,2.90154638824644,0
-1.35,-1.07713083654312,-0.233260000000001,-0.482225824738055,-13.861420963728,2.11595771282666e-05,0.999419359450967,6,1,0.136441562253155,-0.9124,0.08259876,0,1,3.23609263848965,0
-1.07713083654312,-0.972835264822173,-0.482831434216755,-0.559728559246612,-16.4081809493307,0,1,2,2,0.0167907341184572,-0.7373,0.01261129,0,0.123061725776076,Inf,NA
-0.972835264822173,-0.8,-0.559305802614205,-0.66496,-16.4405809022548,1.68445325363307e-06,0.999639463168074,4,3,0.0410348381913872,-0.6113,0.000187690000000001,1,0.300750281026912,3.44305036177657,0
-1.4,-1.28910697845256,-0.41244,-0.440484845149347,-0.435059647504137,9.37888890036258e-07,0.997054216110336,3,1,0.0130837755673716,-0.2529,8.41000000000008e-06,1,0.0904995214094882,2.53079911729284,0
-1.28910697845256,-1.17337935794323,-0.440404061131234,-0.458295551261977,-0.287576361643444,0,1,2,2,0.0137129875678501,-0.1546,0.00910116,0,0.0948517349288348,Inf,NA
-1.17337935794323,-0.8,-0.458441811531722,-0.53028,-0.324374943331605,4.77411730128226e-06,0.998774691207217,8,3,0.144572870260503,-0.1924,0.00331776,0,1,2.91175444999185,0
-1.7,-1.52181969925441,-0.26635,-0.391878021875272,-0.606592898219582,2.53400443660038e-05,0.995937048774593,4,1,0.0475055038497091,-0.7045,0.20657025,0,0.280915367921389,2.39115839122605,0.97369009006575
-1.52181969925441,-1.13113038513272,-0.391882228794928,-0.520223668483901,-0.683710921753707,3.97722847444514e-05,0.996498690232338,8,2,0.169109665310311,-0.3285,0.00616225,1,1,2.45576946466055,1
-1.13113038513272,-0.8,-0.520279694612535,-0.57134,-0.518218070139828,1.72337939135986e-05,0.989712399270525,7,3,0.112254486744405,-0.1542,0.00917764,0,0.663796989595014,1.9876858994306,0.809394337715388
-2.95,-1.65007376338844,-0.2413615,-0.312896440800734,-13.6920041773533,0.00224959614901473,0.829354136610531,26,1,1.69492546838645,-0.05503,0.3248658009,1,0.844486485535376,0.767904234949958,0
-1.65007376338844,-1.59131553187205,-0.317124154039835,0.578351294270004,-12.7841685972449,0,1,2,2,0.80532880829664,15.24,1000213.598225,0,0.401250265987364,Inf,NA
-1.59131553187205,-0.8,0.58210356482999,-0.593,-14.2971489542712,0.233886073714251,0.8892600250397,16,3,2.00704865905809,-1.485,1000000.7396,0,1,0.955695579023514,0
-1.25,-1.05148539665583,-0.557625,-0.562655360048741,-0.331854623127816,5.22708119718294e-08,0.993530565128613,4,1,0.0394333522631133,-0.02534,0.5251321156,0,1,2.18913365487345,0.655822526506921
-1.05148539665583,-0.927321837231049,-0.56268648060836,-0.589729303851077,-0.13530546087435,2.64966306837513e-07,0.998884145528474,3,2,0.0161479037779677,-0.2178,0.28323684,0,0.409498631265818,2.95239244189883,0.8844802445824
-0.927321837231049,-0.8,-0.589659418016467,-0.64302,-0.958734712276935,4.034088006813e-07,0.999540798861656,3,3,0.0190582019455112,-0.4191,0.10949481,1,0.483301592478065,3.33799704400722,1
-3.2,-1.92681552662616,-0.452812,-0.499079523762405,-1.17072023973706,3.7694582850572e-05,0.992268732380899,26,1,1.62313938699533,-0.03634,0.3465205956,0,1,2.11174929329427,0.996031443759813
-1.92681552662616,-1.22737606578669,-0.499112333411684,-0.555808896107331,-0.525003979623207,5.95077289276181e-05,0.984227384080738,14,2,0.492430059600913,-0.08106,0.2958707236,0,0.303381252125533,1.80209627210643,0.849979946672685
-1.22737606578669,-0.8,-0.555842023960161,-0.70162,-0.389985148160479,0.000132604530392673,0.992417075717056,9,3,0.203901519905578,-0.3411,0.08059921,1,0.125621694316118,2.12016328051136,1
-1.45,-1.18335510328639,-0.444775,-0.507303228279342,-0.85009069886124,5.15895341393703e-06,0.997859816772823,6,1,0.075009280275165,-0.2345,0.00024025,1,1,2.66954904387244,0
-1.18335510328639,-1.07253898105074,-0.507385292070891,-0.522866304347212,-0.233700254647096,0,1,2,2,0.0125198746884471,-0.1397,0.01216609,0,0.166911009444685,Inf,NA
-1.07253898105074,-0.8,-0.52283998879546,-0.548088,-0.277894599598124,1.75795587831137e-07,0.999532013797066,6,3,0.0749149582619578,-0.09264,0.0247621696,0,0.99874252875296,3.32976695051138,0
-1.75,-1.39720684630905,-0.245525,-0.389076534236848,-0.42233692105687,2.28829380024016e-05,0.998678660769804,8,1,0.14507005227296,-0.4069,0.11771761,0,1,2.8789856707359,0.989466795262783
-1.39720684630905,-1.0595254204853,-0.389374684637975,-0.541061181118004,-0.190956924313544,1.08838315311987e-05,0.998768692387234,6,2,0.137037538560748,-0.4492,0.09048064,1,0.944630103964543,2.90963343542144,1
-1.0595254204853,-0.8,-0.540707824752791,-0.62264,-0.582294286080217,1.09141607325539e-05,0.997534236041,6,3,0.0740663252188099,-0.3157,0.18861649,0,0.510555583722055,2.60804849960167,0.896349508447242
-3.55,-2.21877532400885,-0.39646985,-0.393931204542885,-5.26643304671416,5.75160869062248e-05,0.205705233370364,27,1,1.77216558268849,0.001907,1000000.06155014,0,1,0.100018298877473,0.0353424820437988
-2.21877532400885,-1.2217892260272,-0.393958793812266,-0.404536816311851,-0.759139893910889,1.43907493695583e-06,0.992367036198884,20,2,0.994093174128693,-0.01061,0.0573075721,0,0.560948245378172,2.1173067972297,0.748171867569703
-1.2217892260272,-0.8,-0.404635563734979,-0.50422,-0.396976696929608,1.23901856756847e-05,0.998520802442126,9,3,0.187823211138843,-0.2361,0.00019321,1,0.105985136475737,2.8299738188598,1
-2.15,-1.97437698975054,0.00668500000000005,-0.166461725804943,-0.824704642857492,3.25481498078261e-05,0.99732744630802,4,1,0.0608232303860543,-0.9859,0.05564881,0,0.129081473440103,2.5730735609942,0.882339450006736
-1.97437698975054,-1.46477134756625,-0.167023332989475,-0.449905424965972,-0.54321526134795,7.71350598254284e-05,0.998787154794835,10,2,0.339720188507057,-0.5551,0.03798601,1,0.720967666654793,2.91619462438697,1
-1.46477134756625,-0.8,-0.449567855136446,-0.62068,-0.479281180496574,8.61069284405842e-05,0.997719389501377,14,3,0.471200310664859,-0.2574,0.24265476,0,1,2.64194888076586,0.905957667801831
-3.5,-2.23697447093621,-0.52161,-0.561698430292485,-0.642090967699295,3.95047590056946e-05,0.989637563830379,26,1,1.59684056931017,-0.03174,0.3519574276,0,1,1.98453813159406,1
-2.23697447093621,-1.12510799781434,-0.561683301696926,-0.646685493567094,-0.509684907686795,0.000197741977458419,0.9852082781823,22,2,1.24347242667522,-0.07645,0.3009071025,0,0.778707937770139,1.82998126938364,0.922119479716784
-1.12510799781434,-0.8,-0.64671023055188,-0.7288,-0.428198675761365,0.000109182013943852,0.976347686621888,7,3,0.112433940490892,-0.2525,0.13875625,1,0.0704102479933006,1.62612637550908,0.819397898997743
-1.8,-1.63866786318941,-0.15748,-0.294031520596483,-0.429662793892348,2.84819126985413e-05,0.996829744300033,4,1,0.0446743761450821,-0.8464,0.00929296000000001,1,0.0941586498290323,2.49890570793801,0.741431065514283
-1.63866786318941,-1.02497742912766,-0.294770990132357,-0.607569004373632,-0.426463531548694,3.96043391471892e-05,0.999573795252931,12,2,0.474458546572187,-0.5097,0.05774409,0,1,3.37038171742195,1
-1.02497742912766,-0.8,-0.607280710430702,-0.6642,-0.843181927797109,1.6286195326472e-05,0.989928523276888,5,3,0.0538546491419642,-0.253,0.247009,0,0.113507596250604,1.99690684665799,0.592486849882823
-2.1,-1.81665801807174,0.1944,-0.19491188316943,-1.63040628924692,0.000115114411470215,0.998619470366789,6,1,0.231846421099963,-1.374,1000000.389376,0,0.416920915169875,2.85995426674874,1
-1.81665801807174,-1.52295460943881,-0.194155407019125,-0.434375424939996,-0.667862914460224,0.000255980849758277,0.991162237454806,6,2,0.143967349252504,-0.8179,0.00461040999999999,1,0.258891203582804,2.05365767132964,0.718073605304285
-1.52295460943881,-0.8,-0.434644779272925,-0.61748,-0.446914912276794,0.00034247245192922,0.992291044274004,15,3,0.556092085247143,-0.2529,0.24710841,0,1,2.11300444855785,0.738824558533924
-3.1,-1.5756799756784,-0.417301,-0.481764493828561,-0.415023457398708,0.000246367207776908,0.978274235814536,31,1,2.32770707858439,-0.04229,0.3395509441,0,1,1.66302493866786,0.543578973780692
-1.5756799756784,-1.03353503782036,-0.481791813032139,-0.593961600674966,-12.0870019579579,4.59212641216794e-05,0.996115222066057,11,2,0.306503194904928,-0.2069,0.17480761,0,0.131676016164083,2.4106338017844,0.787943594631036
-1.03353503782036,-0.8,-0.593675042070062,-0.69204,-8.24583241740284,3.87025283038005e-06,0.99912783017821,5,3,0.0642142788383177,-0.4212,0.04153444,1,0.027586924243651,3.05939894455669,1
-2.55,-1.73083391815602,-0.3469555,-0.377584119800146,-7.40149028327348,7.77031077566704e-06,0.994581573410642,17,1,0.671971181994476,-0.03739,0.3452855121,0,1,2.26612680622219,0.620581933400484
-1.73083391815602,-1.11941313180073,-0.377503489582357,-0.562641703690737,-10.1921750586977,2.80945934653039e-05,0.999143590038407,12,2,0.408111536310558,-0.3028,0.10381284,0,0.607334878706023,3.06731828971985,0.839989319822013
-1.11941313180073,-0.8,-0.562510524738021,-0.70104,-6.00047733363204,2.93776702965291e-06,0.999776959269397,7,3,0.121215164283113,-0.4337,0.03659569,1,0.180387444478399,3.65161582098423,1
-2.95,-1.57938584056255,-0.3991415,-0.454829553297943,-1.81501552302157,0.000128582984155269,0.983339504525004,28,1,1.88168433333053,-0.04063,0.3414882969,0,1,1.77831208703144,0.656503218813155
-1.57938584056255,-1.06422503686341,-0.454918976317037,-0.574848411418197,-6.33403682759014,2.33790789262379e-05,0.9979274804948,10,2,0.279773723071628,-0.2328,0.15382084,0,0.148682602132546,2.68350137346238,0.990673854277426
-1.06422503686341,-0.8,-0.574673043396719,-0.69368,-0.237299447470571,1.73323493103566e-05,0.998044596890097,6,3,0.0839775258254477,-0.4504,0.03048516,1,0.0446289126916467,2.70876369844207,1
-2.05,-1.8027802019268,0.0749449999999999,0.0267618613555334,-1.06337234270956,9.30515310145122e-07,0.999032378837929,5,1,0.0634392434089854,-0.1949,0.30813601,0,0.122695284616025,3.01429464209795,1
-1.8027802019268,-1.32363698495808,0.0263110459560898,-0.509850213831905,-1.0092921287239,0.0010585922684663,0.995919568695758,10,2,0.517047118864581,-1.119,1000000.136161,0,1,2.38929392927477,0.792654406077512
-1.32363698495808,-0.8,-0.509331444250961,-0.67124,-0.601134035427596,0.00148137237739898,0.946664278851342,11,3,0.300410072440732,-0.3092,0.19430464,1,0.581011017139836,1.27298182846738,0.422314995584303
-2.5,-1.57514889880396,-0.331775,-0.372292726743398,-8.90381015227174,2.43460903842278e-05,0.991310734423844,19,1,0.856991245563972,-0.04381,0.3377818161,0,1,2.0610169289255,0.65328829900862
-1.57514889880396,-1.33703170674777,-0.372261508159269,-0.437815171132339,-16.2006253989722,1.90394584846458e-05,0.99039729631041,5,2,0.0609970798819136,-0.2753,0.12229009,0,0.0711758494589666,2.01760647194445,0.639528322949073
-1.33703170674777,-0.8,-0.4374749826943,-0.67828,-12.3353515631703,3.87393106502342e-05,0.999299892405766,11,3,0.346390110412021,-0.4484,0.03118756,1,0.404193289260578,3.15483521142678,1
-1.8,-1.40022614692892,-0.209156,-0.222780292912663,-0.92967493352128,5.11048617699875e-07,0.995827785623495,8,1,0.160004754956669,-0.03408,0.0466214464,0,1,2.37963338477539,0.996567948559508
-1.40022614692892,-1.07474967154733,-0.223273072340282,-0.434735138395697,-0.242387590716172,0.000121489533402226,0.99590577727172,7,2,0.150651141407243,-0.6497,0.15976009,0,0.941541652609265,2.38782853513907,1
-1.07474967154733,-0.8,-0.434285825731681,-0.53946,-0.304564099201174,0.000106571304357967,0.983645833878986,6,3,0.0865489889483907,-0.3828,0.01763584,1,0.540915105753132,1.78637159512046,0.748115523720561
-3.4,-1.96712772305295,-0.515272,-0.566024336049465,-2.26256366475927,0.000112085847621099,0.982784689965333,29,1,2.0556987616579,-0.03542,0.3476045764,0,1,1.76408515157491,0.890361362925756
-1.96712772305295,-1.17829854341391,-0.566031998747926,-0.634470818373409,-0.420241239912314,6.74621135648449e-05,0.989560340918024,16,2,0.626935346681734,-0.08676,0.2897022976,0,0.304974327160716,1.98131368344429,1
-1.17829854341391,-0.8,-0.634482063653429,-0.71854,-12.4679219678925,0.000103862547855586,0.980144377040032,8,3,0.150175524611929,-0.2222,0.16224784,1,0.0730532738613972,1.70211648262013,0.859084806632535
-1.6,-1.47755400117949,-0.42758,-0.453440594950891,-0.475034962232227,7.76772354459723e-07,0.996530224177624,3,1,0.0156617929983652,-0.2112,0.00150544,1,0.112246563448686,2.45969858349453,0.758264927381177
-1.47755400117949,-1.16875942202685,-0.453431520474856,-0.486194625322951,-0.354710221507951,1.37839384276772e-06,0.997208059044541,6,2,0.0964275131533448,-0.1061,0.02070721,0,0.691086708558573,2.55409377050074,0.787364655331871
-1.16875942202685,-0.8,-0.486145353342663,-0.5457,-0.309584785123734,1.56311226898968e-06,0.999429640322668,8,3,0.139530267272058,-0.1615,0.00783225,0,1,3.24385118534969,1
-1.5,-1.32745751119424,-0.50435,-0.583909341588336,-0.495116171195734,1.71405475217166e-05,0.993592393002801,4,1,0.0361005992772553,-0.4611,0.08346321,1,0.294013813498365,2.1933041330321,0.738491432197579
-1.32745751119424,-0.983573307565388,-0.583816565059287,-0.651114703709454,-0.351130403077493,1.04492718295337e-05,0.996115793006325,7,2,0.122785384971227,-0.1957,0.30724849,0,1,2.41069763411538,0.811688411835554
-0.983573307565388,-0.8,-0.651151288237381,-0.67184,-1.18728960273836,1.70485256765063e-07,0.998928429174058,4,3,0.0341271820448932,-0.1127,0.40615129,0,0.277941727778843,2.96997911878996,1
-1.15,-1.02020331732886,-0.48584,-0.520158242898248,-0.900003977493146,6.29686441812201e-09,0.999981907080872,3,1,0.0180249206280547,-0.2644,0.000207360000000001,1,0.832013971199432,4.74249135801517,0
-1.02020331732886,-0.874825895475633,-0.520201814866841,-0.543215060746207,-0.548771446269176,4.22872533949027e-07,0.996746611307876,3,2,0.0216642042705965,-0.1583,0.00840889,0,1,2.48766404715157,0
-0.874825895475633,-0.8,-0.543255120082716,-0.5562,-1.248912906897,0,1,2,3,0.00576648454980322,-0.173,0.005929,0,0.266175691374444,Inf,NA
-2.7,-1.60464867026155,0.22582,-0.169163689503685,-4.87324233556849,0.00340231426815899,0.988330332237349,22,1,1.35580665053373,-0.3606,0.15163236,0,1,1.93294150821351,0.707615519699297
-1.60464867026155,-1.31646945519081,-0.169162072548327,-0.355008848347447,-1.06991314856737,3.47009038386182e-05,0.998111052313719,6,2,0.117586284073716,-0.6449,0.01104601,1,0.0867279150957304,2.72378006953928,0.99712745639933
-1.31646945519081,-0.8,-0.355126525845945,-0.59482,-0.444278587388535,0.000110126756844052,0.998144874849112,11,3,0.324193659697132,-0.4641,0.08173881,0,0.239114964932137,2.7316267865845,1
-1.75,-1.63733398169775,-0.3382,-0.372585668785847,-0.139653441489147,1.74885572115231e-06,0.997091572950525,3,1,0.0138760058979333,-0.3052,0.00304704,0,0.0609062029497972,2.53634182490594,0.8709032084112
-1.63733398169775,-1.17239249148634,-0.372611049449783,-0.480570463476872,-0.504914095280473,9.6119262122148e-05,0.988209493903203,9,2,0.227825824397078,-0.2322,0.00031684,1,1,1.92846755280748,0.662177535600595
-1.17239249148634,-0.8,-0.480620389758319,-0.53566,-0.533229741672268,2.55088946857063e-06,0.998776263128358,8,3,0.14170552641096,-0.1478,0.01044484,0,0.621990622818864,2.91231195431352,1
-1.6,-1.48067575172377,-0.35128,-0.420989225842976,-0.719701403020897,3.45072973052709e-06,0.997882862587268,3,1,0.0190976523943155,-0.5842,0.11168964,0,0.084145565806444,2.67425095319725,1
-1.48067575172377,-1.27351039628211,-0.420718057004256,-0.486306608537084,-0.291762989221455,8.60686859949984e-06,0.992835581718721,4,2,0.0472193425874413,-0.3166,0.00443556,1,0.208051660852893,2.14481906660463,0.802026101567003
-1.27351039628211,-0.8,-0.48622239913157,-0.53864,-0.587385155969359,2.45306705871211e-05,0.990401185226457,10,3,0.226959700268044,-0.1107,0.01940449,0,1,2.01778238874042,0.754522452849097
-1.9,-1.7080094377394,-0.229546,-0.239464232446383,-14.2750848128307,1.62034445753128e-09,0.999951513766866,4,1,0.0369587473320026,-0.05166,0.3287187556,0,0.0586559321364883,4.31438155464718,1
-1.7080094377394,-1.53445068311769,-0.239418941835005,-0.354505752024662,-13.9753390344504,1.46450371340092e-05,0.997345576540712,4,2,0.0433676151854691,-0.6631,0.00145161,1,0.0688272216152079,2.57602979309105,0.597079734479281
-1.53445068311769,-0.8,-0.354575219921748,-0.6557,-13.910644913468,0.000109179732156453,0.999073111376092,15,3,0.630093939109213,-0.41,0.046225,0,1,3.03297244808632,0.702991242121223
-1.1,-1.04403098371094,-0.5168398,-0.517331319901051,-0.57856528225328,0,1,2,1,0.00313277237617835,-0.008782,0.058186123524,0,0.20893537049915,Inf,NA
-1.04403098371094,-0.921838580589163,-0.517301950643153,-0.518600855888337,-0.376488562637885,0,1,2,2,0.0149326705355105,-0.01063,0.0572979969,0,0.995911185441645,Inf,NA
-0.921838580589163,-0.8,-0.518539590366907,-0.53076,-0.244381243652063,1.7112003135394e-07,0.996593942666281,3,3,0.0149939781315825,-0.1003,0.02241009,1,1,2.4677480458895,0
-3.3,-1.76561169338543,-0.438168,-0.49039857795716,-16.7077153896461,3.74816677954749e-05,0.994808308567898,31,1,2.35707550874927,-0.03404,0.3492337216,0,1,2.2846911277096,0.943598219728398
-1.76561169338543,-1.07842636130913,-0.490438915823791,-0.563555435156709,-14.4604946076637,0.000139222667987726,0.978777271278029,14,2,0.477569706020179,-0.1064,0.26894596,0,0.202611118840902,1.67319877723459,0.691046316196389
-1.07842636130913,-0.8,-0.563562780290575,-0.67446,-14.5540187394816,2.62757076002542e-05,0.996209069465687,6,3,0.0898194320111202,-0.3983,0.05139289,1,0.03810630235549,2.42125417359013,1
-2.7,-2.32110967418408,0.696899999999999,0.273679506063619,-1.72796268485164,0.000175331975849137,0.998663579444859,8,1,0.322673465484647,-1.117,1000000.134689,0,0.401987000775831,2.87405685321063,0.919531274289166
-2.32110967418408,-1.62868700547729,0.273863153472549,-0.294685099802594,-0.751825258667333,0.000332721301315468,0.999133144340593,14,2,0.802696268441244,-0.8211,0.00505521000000001,1,1,3.06205321110725,0.979679190411734
-1.62868700547729,-0.8,-0.295071582440851,-0.62174,-0.335615859620995,0.000118782896756201,0.999251084650924,17,3,0.793434408077524,-0.3942,0.12659364,0,0.988461562949949,3.12556726842422,1
-1.4,-1.18414707067714,-0.469278,-0.480983704357179,-0.729258572623309,1.04289141157917e-07,0.998713722258038,5,1,0.0467295106117561,-0.05423,0.4840958929,0,0.618467251580178,2.89066524542606,0.989630615161998
-1.18414707067714,-0.923601471914457,-0.480989754838345,-0.56858518514236,-0.111344022038037,1.10546675662679e-05,0.996163122681005,5,2,0.0755569684447521,-0.3362,0.17123044,1,1,2.41602208678946,0.827134663129083
-0.923601471914457,-0.8,-0.568502094175148,-0.60426,-1.52154456269459,4.97581238047806e-07,0.998800372919065,3,3,0.0165559516883993,-0.2893,0.21224449,0,0.219118792471208,2.92095373883807,1
-1.15,-1.09020926485278,-0.50341,-0.516121510292298,-0.38035666962109,0,1,2,1,0.00373651450335568,-0.2126,0.00139876,1,0.0632868829767603,Inf,NA
-1.09020926485278,-0.85004975097673,-0.516225815065642,-0.553162348299779,-0.395824674199414,7.28627913724057e-07,0.997536814818036,4,2,0.0590408995925391,-0.1538,0.00925444,0,1,2.60850293672699,0
-0.85004975097673,-0.8,-0.553173870679667,-0.55934,-0.113997976845431,0,1,2,3,0.00254299872362778,-0.1232,0.01607824,0,0.0430718153208685,Inf,NA
-2.9,-2.01627912559511,-0.411275,-0.439774998199558,-16.78077078212,3.08161936363105e-05,0.976062211072253,18,1,0.781774833756313,-0.03225,0.3513525625,0,1,1.62091596674604,0.624383141572885
-2.01627912559511,-1.28002127947444,-0.439797903197211,-0.48964255937958,-17.1452445743413,2.60755672654095e-05,0.991995399998952,15,2,0.544560105724184,-0.0677,0.31058329,0,0.696568989190472,2.09666036539089,0.807641736284547
-1.28002127947444,-0.8,-0.48959138181285,-0.684,-15.9898893205129,8.62796797342999e-05,0.997465033393688,10,3,0.268215139573719,-0.405,0.0484,1,0.34308489860819,2.5960277573523,1
-1.95,-1.56536736713784,-0.0239950000000004,-0.283968196551535,-0.278433943852563,6.78425921339541e-05,0.998587492187364,8,1,0.2155283251877,-0.6759,0.00549081000000001,1,1,2.8500091414021,0.827868765239183
-1.56536736713784,-1.18520458209628,-0.284498655170232,-0.475264340704085,-0.697548323416655,2.49509615141827e-05,0.999057090110114,8,2,0.180915289907753,-0.5018,0.06160324,0,0.839403775583542,3.02552980906026,0.878853892373419
-1.18520458209628,-0.8,-0.475159771064771,-0.6121,-0.400110056607487,4.79188735815805e-06,0.999639077183484,8,3,0.167135196368806,-0.3555,0.15563025,0,0.775467429736906,3.44258566220781,1
-1.85,-1.52134292562078,-0.0828200000000006,-0.35323904079922,-0.261830826828412,9.04479947356443e-05,0.9980936545614,7,1,0.181141930166275,-0.8228,0.00529984,1,0.963900121186422,2.71979840040031,0.919973421680589
-1.52134292562078,-1.21354692275449,-0.353985227837532,-0.511392103703353,-0.391554029075148,1.62901511353472e-05,0.998578084354489,6,2,0.119515303950304,-0.5114,0.05692996,0,0.635969904127576,2.84712616716157,0.963042114288489
-1.21354692275449,-0.8,-0.511060847485988,-0.64108,-0.610907656510056,1.64313293813096e-05,0.998894364480442,9,3,0.187926037340172,-0.3144,0.18974736,0,1,2.95638801763625,1
-3.15,-2.11409671233371,-0.4527295,-0.486986821723124,-15.9979547423107,1.93491594715268e-05,0.99089309829921,21,1,1.07426918548946,-0.03307,0.3503811249,0,0.966553471874569,2.04062935114071,0.809668495265771
-2.11409671233371,-1.0630981002873,-0.48697830680509,-0.569712917545384,-17.0997400402068,3.61044972164849e-05,0.996982321123302,21,2,1.11144309833783,-0.07872,0.2984218384,0,1,2.52032697711782,1
-1.0630981002873,-0.8,-0.569562643160973,-0.68772,-10.9642010929546,0.000112926416096597,0.987364795001099,6,3,0.0831817713499717,-0.4491,0.03094081,1,0.07484123251507,1.89841770750984,0.753242624764831
-1.05,-0.952766094356,-0.50042,-0.51905001632139,-0.652818863785167,0,1,2,1,0.00980150991492155,-0.1916,0.00341056,0,1,Inf,NA
-0.952766094356,-0.876237270051718,-0.519130346369206,-0.539594153988171,-0.188188600390194,0,1,2,2,0.00627542837166162,-0.2674,0.000302760000000001,1,0.640251188452922,Inf,NA
-0.876237270051718,-0.8,-0.539595115224391,-0.55376,-0.210521557492075,0,1,2,3,0.00601276530564491,-0.1858,0.00412164,0,0.613452963659328,Inf,NA
-1.65,-1.52231393652415,-0.23897,-0.254573236956749,-0.716878877619207,4.63702750416961e-07,0.99383700692591,3,1,0.0165471918094868,-0.1222,0.39413284,0,0.0516661029470321,2.21020832032487,0.897744992481395
-1.52231393652415,-1.32730064368751,-0.254498102422602,-0.402649700990598,-0.639565454835341,2.50192457335399e-05,0.99654820980881,4,2,0.0599790805412419,-0.7597,9.40900000000008e-05,1,0.187275604561222,2.46195560970581,1
-1.32730064368751,-0.8,-0.402750939154977,-0.60824,-0.543987332133374,0.000262976430311448,0.993744023943443,11,3,0.320271722960233,-0.3897,0.12981609,0,1,2.20370492211657,0.895103434614686
-2.3,-1.18094163977568,-0.421147,-0.433579738382092,-1.06510782202965,2.32595067295812e-06,0.992616267160386,23,1,1.25244618657162,-0.01111,0.0570684321,0,1,2.13172402546815,0
-1.18094163977568,-1.08129707853322,-0.433579612103011,-0.437049235725473,-0.643294754157343,0,1,2,2,0.00994107687328363,-0.03482,0.0463024324,0,0.00793732854941718,Inf,NA
-1.08129707853322,-0.8,-0.436981784041119,-0.53462,-0.311357950484162,1.36125383530238e-05,0.997417882344239,6,3,0.0886612676069574,-0.3471,0.00942841,1,0.0707904807069226,2.58802397272659,0
-2.05,-1.86703866286472,-0.134925,-0.277909284971219,-0.743984022669644,2.66255539997301e-05,0.996499183305698,4,1,0.0539193566350594,-0.7815,0.000992249999999998,1,0.0780845036002343,2.45583062866297,0.916378041496563
-1.86703866286472,-1.08053063913528,-0.27803981596313,-0.54623905205487,-0.357261584727711,0.000365802166361298,0.996309820506026,16,2,0.690525701630991,-0.341,0.167281,0,1,2.43295250881483,0.90784121228087
-1.08053063913528,-0.8,-0.546337164595726,-0.61762,-0.425683937918804,5.93808718977492e-06,0.997910375613808,6,3,0.0837786821169201,-0.2541,0.24591681,0,0.121325943290798,2.6799317721017,1
-1.7,-1.37155245033034,-0.4085696,-0.411299656032854,-0.504318601903853,9.20138102691899e-08,0.981327235990621,7,1,0.107885246089945,-0.008312,0.058413089344,0,1,1.7287913914685,0.558871893208769
-1.37155245033034,-1.08129756958353,-0.411227652741836,-0.453546814354721,-0.237954443008761,4.14331226399168e-06,0.995564700049909,6,2,0.0860388072369619,-0.1458,0.01085764,0,0.797502998373205,2.3530770044085,0.760686689446506
-1.08129756958353,-0.8,-0.453604842813869,-0.52106,-0.152469567732976,2.03097595285337e-06,0.999193431946455,6,3,0.0836785208846081,-0.2398,0.00010404,1,0.775625249210117,3.09335898347407,1
-3.25,-2.91243998452835,3.03874999999999,-0.166382346903351,-10.4893076051108,2.45346240259464,0.72005628241711,7,1,10.3868201252114,-9.495,1000078.6769,0,1,0.5529292743726,0.299278098290654
-2.91243998452835,-1.89445503199872,-0.165167270120776,-0.199432643622923,-14.3919641049488,0.00012158956291081,0.947180494316523,21,2,1.037467479398,-0.03366,0.3496829956,0,0.0998830697837743,1.27720566749756,0.691299413886953
-1.89445503199872,-0.8,-0.19992544706062,-0.728,-15.7706543066287,0.00742721356572155,0.985794497432201,22,3,1.47669455052944,-0.4825,0.02030625,1,0.142170032091452,1.84754339703002,1
-1.05,-0.98967277886422,-0.5528245,-0.553024183101959,-0.500043752762354,0,1,2,1,0.00363941348330654,-0.00331,0.0608559561,0,0.285744643325168,Inf,NA
-0.98967277886422,-0.876818768587699,-0.553000861910533,-0.553753372451057,-0.940117185585811,0,1,2,2,0.0127365939076066,-0.006668,0.059210462224,0,1,Inf,NA
-0.876818768587699,-0.8,-0.553758589347644,-0.561104,-0.096039480626795,0,1,2,3,0.00595507826498224,-0.09562,0.0238331844,1,0.467556578170067,Inf,NA
-2.85,-1.82770164721877,-0.3957425,-0.43658331919361,-18.0280050408915,2.27970613129565e-05,0.992619031346804,21,1,1.04676189461162,-0.03995,0.3422835025,0,1,2.13188663910753,0.759384649815169
-1.82770164721877,-1.32735320100765,-0.436582961200543,-0.47904753383048,-15.2677773959296,9.08618656204804e-06,0.994027916539469,10,2,0.25215180755452,-0.08487,0.2917404169,0,0.240887453825471,2.22387413159091,0.792150880666967
-1.32735320100765,-0.8,-0.47911526727371,-0.71268,-14.5631060294993,8.44659020278478e-05,0.998441836809708,11,3,0.332653882986524,-0.4429,0.03316041,1,0.317793267694319,2.8073870595441,1
-3.75,-2.63793073405426,-0.1379,-0.228911748725,-11.8426635826183,0.00145933218033797,0.920703834086656,23,1,1.24498119066708,-0.08184,0.0282777856,0,1,1.10074781095393,0.501129838934456
-2.63793073405426,-1.8342508192158,-0.228953972424093,-0.247430573666229,-1.23082896733205,1.18563799758249e-05,0.974294506176707,16,2,0.64624279030821,-0.02299,0.0515335401,0,0.519078356486608,1.58997404856912,0.723856482784097
-1.8342508192158,-0.8,-0.247462308003652,-0.55298,-0.455570072692527,0.00107539316763927,0.993639843045249,21,3,1.16301581717133,-0.2954,0.00206116,1,0.934163363984773,2.19653216678223,1
-2.45,-1.81207269891677,-0.3435385,-0.365400268608122,-0.787917901524414,2.95870667185157e-06,0.994716710841569,13,1,0.40742917839401,-0.03427,0.3489619329,0,0.488309685814723,2.27709561939554,0.634075863190107
-1.81207269891677,-0.945138621471471,-0.365373071229524,-0.653108491533619,-0.383916479445932,0.000106088784980165,0.999207639276342,18,2,0.834366366733504,-0.3319,0.08590761,0,1,3.10107706004094,0.863520221512025
-0.945138621471471,-0.8,-0.653091212943664,-0.70836,-0.268901530283377,1.92671546984317e-07,0.999743671882941,3,3,0.0241198582653176,-0.3808,0.05963364,1,0.0289079944098723,3.59120375271694,1
-3.3,-2.08038767418513,-0.482106,-0.526231573947982,-1.95024126804757,5.4026674633382e-05,0.987478740572279,25,1,1.48940129155579,-0.03618,0.3467089924,0,1,1.90235198622134,0.747809111704233
-2.08038767418513,-1.22433165473285,-0.526203706740379,-0.597513173160754,-1.30820468671253,5.17325441216388e-05,0.992727103836818,17,2,0.737916948441648,-0.0833,0.29343889,0,0.49544535285775,2.13829261290692,0.840556695608064
-1.22433165473285,-0.8,-0.597542270343856,-0.71644,-2.40563081489758,3.36268158001222e-05,0.997141754801878,9,3,0.194194023325701,-0.2802,0.11888704,1,0.130383949864076,2.54390051745417,1
-2.85,-2.66762724665051,-0.32239,-0.349855336654433,-9.57820396618394,2.62856778840243e-06,0.990801478363679,4,1,0.0340141658818144,-0.1506,0.00988036,0,0.0257741034370305,2.03628196578262,0.871159454177317
-2.66762724665051,-1.51897746411075,-0.35001868448858,-0.367535593672311,-0.597134954842606,3.41229382520296e-05,0.945294892008803,23,2,1.319703165036,-0.01525,0.0551075625,0,1,1.26197212030608,0.539895241418741
-1.51897746411075,-0.8,-0.367521162402813,-0.52584,-0.361459149900659,0.000156805535872022,0.995402082917885,15,3,0.541993448237247,-0.2202,0.00088804,1,0.410693451828209,2.33743886497288,1
-1.2,-1.13419222470668,-0.497644,-0.50359170673101,-1.47385515667838,0,1,2,1,0.00436603850441352,-0.09038,0.0254785444,0,0.0681496826379869,Inf,NA
-1.13419222470668,-0.882590107714333,-0.503579112949677,-0.531179865183738,-0.670102878038941,7.78785999756397e-08,0.99973874946556,5,2,0.0640654267989191,-0.1097,0.01968409,0,1,3.58294281244406,0
-0.882590107714333,-0.8,-0.531198105781708,-0.5421,-0.0635350653689166,0,1,2,3,0.00693997718981198,-0.132,0.013924,1,0.108326402188724,Inf,NA
-1.35,-0.984795430732928,-0.66137105,-0.663407795882803,-0.423546677447727,4.94873727305695e-09,0.998488167421541,8,1,0.133378525747338,-0.005577,0.554165602929,0,1,2.82049630028806,0
-0.984795430732928,-0.872678570120702,-0.663326478050647,-0.664849025017761,-1.14358838829434,0,1,2,2,0.0125725085828083,-0.01358,0.5423144164,0,0.0942618649618652,Inf,NA
-0.872678570120702,-0.8,-0.664923671458809,-0.666604,-0.682089420636268,0,1,2,3,0.00528499805879622,-0.02312,0.5283545344,1,0.0396240551406881,Inf,NA
-2.7,-1.95328759871041,-0.352539,-0.37899502037769,-17.9343567730937,4.11488554103371e-06,0.995338974968329,15,1,0.558279331253895,-0.03543,0.3475927849,0,1,2.33151856471654,0.823405190734711
-1.95328759871041,-1.37236488192032,-0.378946720015976,-0.418577267755396,-17.2630852149089,7.75636998675092e-06,0.995359536219716,12,2,0.339041783196903,-0.06822,0.3100039684,0,0.607297752606058,2.33343861273112,0.824083279910407
-1.37236488192032,-0.8,-0.418355235766133,-0.66928,-15.6706191466935,0.000101429210313266,0.998526184218,12,3,0.390564795361482,-0.4384,0.03481956,1,0.699586700593542,2.83155679725089,1
-2,-1.57337251484471,0.391,-0.168735260523739,-1.19859017050893,0.000185334247709375,0.999283044916467,9,1,0.495314572963503,-1.312,1000000.315844,0,1,3.14450805156325,1
-1.57337251484471,-1.08297359305131,-0.16816266639669,-0.501928172569279,-0.839821211419084,0.000233266028638415,0.997563845680672,10,2,0.351890515606776,-0.6806,0.00481636,1,0.710438446220933,2.61329520458192,0.831066469453865
-1.08297359305131,-0.8,-0.501404804985363,-0.5904,-0.41439973934141,2.82901942490606e-05,0.993502160353867,6,3,0.0879941991000612,-0.3145,0.18966025,0,0.177653160038449,2.18723101039006,0.69557176338051
-2.2,-1.67941319588943,0.3018,-0.369236390498523,-2.39370658439937,0.000664647782275043,0.998547504283534,11,1,0.72130045798734,-1.289,1000000.290521,0,1,2.83788513970742,1
-1.67941319588943,-1.38517364243416,-0.369939094919523,-0.556016188524634,-0.618468371421777,0.000226905082615921,0.987198213843034,6,2,0.12120159958208,-0.6324,0.01382976,1,0.168032056877201,1.89272943160243,0.66695068278823
-1.38517364243416,-0.8,-0.555739973209022,-0.66704,-0.436808936125148,0.000163692693386707,0.987507046043485,12,3,0.354815887763341,-0.1902,0.31337604,0,0.49191135792897,1.90333486063842,0.670687771681505
-2.05,-1.28939060824939,-0.2931745,-0.349543262022638,-13.0419143720424,0.000103478654998658,0.978404385989593,16,1,0.581704084151194,-0.07411,0.3034797921,0,1,1.66563444350161,0.506847809198002
-1.28939060824939,-0.975410682745744,-0.350085715101685,-0.574581361836793,-14.2907961324845,1.15575105411414e-05,0.999482704742941,6,2,0.148981689022291,-0.715,0.00809999999999999,1,0.256112503042988,3.28626150350179,1
-0.975410682745744,-0.8,-0.573859396723234,-0.66488,-16.4463726997884,4.96663224272683e-06,0.998501318990151,4,3,0.0390536578421944,-0.5189,0.01125721,0,0.0671366402716261,2.82429079570716,0.85942363159403
-2.15,-1.66636450945638,0.5855,-0.106098751477372,-1.13943449947856,0.000104358604229956,0.999752780841969,10,1,0.712212120758424,-1.43,1000000.4624,0,1,3.60691787700971,1
-1.66636450945638,-1.37840896331854,-0.10512089635036,-0.379168189609742,-0.64851170276293,0.000188397585635109,0.995244242262367,6,2,0.158020315494335,-0.9517,0.04068289,1,0.221872544553246,2.32278027682222,0.64397925209983
-1.37840896331854,-0.8,-0.379240058385434,-0.64392,-0.629532672456074,0.000255631469012464,0.996583594130068,12,3,0.404612400340322,-0.4576,0.08549776,0,0.568106591487739,2.46643054061732,0.683805571604002
-1.75,-1.42527561255558,-0.373225,-0.463400962393314,-0.220325552819206,8.66028402265016e-05,0.984210601699652,7,1,0.113577631994711,-0.2777,0.00076729,1,0.525931823468219,1.80163441969518,0.541348400871091
-1.42527561255558,-0.966597225810586,-0.463307657837206,-0.537934631360618,-0.97705905036672,5.85566174641585e-06,0.998526591402653,9,2,0.215955047644259,-0.1627,0.00762129,0,1,2.83167680036326,0.850851699380707
-0.966597225810586,-0.8,-0.537948624554325,-0.55864,-0.397584288533261,9.05797519373573e-08,0.999530159735389,4,3,0.0281827686656173,-0.1242,0.01582564,0,0.130502940186157,3.32804976757324,1
-3.5,-2.42286363262901,-0.466485,-0.499973169661564,-12.4531617644949,3.42025184701947e-05,0.984073775341958,22,1,1.16134421142046,-0.03109,0.3527290881,0,1,1.7978871623345,0.910302386874852
-2.42286363262901,-1.42447233271342,-0.49995913614314,-0.56252831890885,-14.7571471249457,6.93097308361558e-05,0.989408533049142,20,2,1.00070009037909,-0.06267,0.3162150289,0,0.861673981355725,1.9750438846006,1
-1.42447233271342,-0.8,-0.562566286440578,-0.6706,-14.6487670137441,0.000327231155490109,0.976511444664848,13,3,0.401636977589986,-0.173,0.204304,1,0.345838015672146,1.62914369370625,0.824864554356825
-2.2,-1.76820354126337,0.11886,-0.181799874218318,-0.687685189986643,0.000104484777739255,0.998565463591369,9,1,0.276844541742471,-0.6963,0.00288369,1,0.365032354787156,2.84328842485487,0.776903053914177
-1.76820354126337,-0.973328022704482,-0.181452094930517,-0.537238377037474,-0.440436424773733,0.000209870158851734,0.998769223655703,16,2,0.758410968539747,-0.4476,0.09144576,0,1,2.9098208595484,0.795082444807447
-0.973328022704482,-0.8,-0.537235271712864,-0.6005,-0.119717030395222,3.64770740005722e-07,0.999781109199734,4,3,0.0340450292998905,-0.365,0.148225,0,0.0448899484740327,3.65977249095608,1
-1.5,-1.37317301893703,-0.3655,-0.410346020503867,-0.155501384274347,1.59013932936311e-06,0.997465361855234,3,1,0.0180962486805807,-0.3536,0.01073296,0,0.121024800041074,2.59608403354911,0.992758744583256
-1.37317301893703,-1.17830823616539,-0.410285433723162,-0.446062607840034,-0.566854241002677,3.10676632549958e-06,0.992656874100324,4,2,0.0392522897524252,-0.1836,0.00440896,0,0.26251299936762,2.13411902564405,0.816100441014304
-1.17830823616539,-0.8,-0.446169977227403,-0.52622,-0.433080854318682,1.14268506874767e-05,0.997573501996802,8,3,0.149525127696464,-0.2116,0.00147456,1,1,2.61502006173605,1
-3,-1.97627193182671,-0.40961,-0.444856957387207,-4.21677655151064,1.52495046752377e-05,0.993363972764395,21,1,1.04926150557088,-0.03443,0.3487729249,0,1,2.17809184021117,0.86724895866579
-1.97627193182671,-1.31000472532397,-0.444921097219822,-0.494371449286455,-7.5556925542516,7.74939852632851e-06,0.99692032761039,13,2,0.44635732778047,-0.07422,0.3033586084,0,0.425401413671053,2.51149548056193,1
-1.31000472532397,-0.8,-0.494272418906599,-0.66492,-18.6260645770482,0.000111199061234667,0.996400485474439,11,3,0.28922541678581,-0.3346,0.08433216,1,0.275646647904469,2.44375606953483,0.973028256848807
-2.7,-2.02038525817847,1.4561,0.740465676861929,-13.8665234481834,0.00635229613832981,0.989997373171474,14,1,0.974008681754429,-1.053,1000000.183184,0,0.642355388214443,1.99988593326765,1
-2.02038525817847,-1.83598251247281,0.739632857861476,-0.080221749545883,-11.7991530083798,0.0398059077188461,0.857254708730961,4,2,0.706165949910861,-4.446,1000014.600041,0,0.465714024316242,0.845438208893684,0.422743214915416
-1.83598251247281,-0.8,-0.0793812357362189,-0.745,-16.1078314794919,0.0369388264907727,0.955283668389346,21,3,1.51630810548952,-0.6425,0.000306249999999999,1,1,1.34953383183446,0.67480540234084
-2.5,-2.17093772191456,0.504,-0.000781534583071064,-1.16565172548924,0.000197133135796429,0.998804053416073,7,1,0.363086380514822,-1.534,1000000.614656,0,0.285080802367016,2.92228821735749,1
-2.17093772191456,-1.86802430252931,-0.00225185563125052,-0.284627745182174,-1.10852921958841,0.000292835251102684,0.992345886189555,6,2,0.171492682643336,-0.9322,0.03319684,1,0.13464914739769,2.11610508445788,0.724126070758138
-1.86802430252931,-0.8,-0.284256503116493,-0.64888,-0.53185615794599,0.000917747551181132,0.996455618828613,22,3,1.27362620527278,-0.3414,0.16695396,0,1,2.45045957918664,0.83854137474588
-1.75,-1.38801494669252,-0.161575,-0.350929381385145,-1.01014888079057,0.000161373193097183,0.994449589468287,8,1,0.166888260567772,-0.5231,0.05148361,0,1,2.25567489344236,0.820543763342906
-1.38801494669252,-1.08941330846238,-0.350948184726433,-0.523062169002286,-0.801254673991147,2.57715293155998e-05,0.998217621672761,6,2,0.118786161937031,-0.5764,0.03013696,1,0.711770627442024,2.74900010726145,1
-1.08941330846238,-0.8,-0.523310992647631,-0.62394,-0.547261603063471,1.19354689306885e-05,0.997661657767967,6,3,0.0938862602358623,-0.3477,0.16184529,0,0.562569589475322,2.63109192661882,0.957108702785724
-2.8,-1.92365804325475,-0.375624,-0.405130433683612,-18.5913067547652,8.38062144322875e-06,0.993910655386399,18,1,0.76884585478081,-0.03367,0.3496711689,0,1,2.21542944727077,0.963162438480715
-1.92365804325475,-1.36469878871239,-0.405149606981641,-0.446221933005414,-16.3344269202249,1.51610607354307e-05,0.989928851300745,11,2,0.314122384203559,-0.07348,0.3041743104,0,0.40856354007802,1.9969209916811,0.86816544493002
-1.36469878871239,-0.8,-0.446567592994057,-0.6764,-14.3666879835507,0.00029860296008518,0.994989994519436,12,3,0.371707657283386,-0.407,0.047524,1,0.483461873367784,2.30016179904749,1
-1.2,-1.06435862717495,-0.54498,-0.594502665218428,-0.63831974980121,2.3239002432588e-07,0.999651445246279,3,1,0.0208510763922019,-0.3651,0.14814801,1,1,3.45772898981596,1
-1.06435862717495,-0.929212013143567,-0.594593032910076,-0.627366086812685,-0.863327730992642,8.7711488955709e-07,0.997026739926542,3,2,0.0193386803462494,-0.2425,0.25755625,0,0.927466763945188,2.52676710104474,0.730759151016988
-0.929212013143567,-0.8,-0.627266948549386,-0.64546,-0.468444073134719,2.94100379602615e-07,0.997042347172129,3,3,0.0170267314616982,-0.1408,0.37112464,0,0.81658764955012,2.5290528052507,0.731420193051423
-2.15,-1.46699485120719,0.255275,-0.378895280654122,-0.817377661720971,0.000928682457613893,0.99810973354976,14,1,0.868667978142414,-0.9285,0.03186225,1,1,2.72347697375653,0.863856213286507
-1.46699485120719,-1.28013029016012,-0.378128396824253,-0.479633226385021,-0.379396942054109,1.69589125381865e-05,0.995423087786983,4,2,0.0452215945994741,-0.5432,0.04276624,0,0.0520585491089211,2.33942741743241,0.742040020736546
-1.28013029016012,-0.8,-0.479890554607981,-0.61788,-0.632231249245947,1.19960157204843e-05,0.999296437140366,10,3,0.249566182568842,-0.2874,0.21399876,0,0.287297550788647,3.15269709457222,1
-1.2,-1.14630880452687,-0.4217,-0.430639584046276,-0.997422095748199,0,1,2,1,0.0029626606342541,-0.1665,0.00697225,0,0.0543122292544691,Inf,NA
-1.14630880452687,-0.924988923425639,-0.430579301993992,-0.505186233913217,-0.239502615317198,8.55022823043609e-08,0.999939794463619,4,2,0.0545486840610638,-0.3371,0.00758641,0,1,4.22036357004956,0
-0.924988923425639,-0.8,-0.505188143531804,-0.54066,-0.120215858794993,3.01346037530329e-07,0.999252020716705,3,3,0.0168804835804005,-0.2838,0.00114244,1,0.309457210031021,3.12611043057823,0
-2.75,-2.06977432409649,-0.376515,-0.400009994845707,-18.334051441105,3.32209925341119e-06,0.995127984570227,14,1,0.463258984941185,-0.03454,0.3486430116,0,0.934836475304294,2.31229134495341,0.803035223937962
-2.06977432409649,-1.36693836659325,-0.400023332634476,-0.439677337356809,-17.9520034609775,9.25917608845487e-06,0.994911052041467,14,2,0.495550823250015,-0.05642,0.3232832164,0,1,2.29337199036029,0.796464724858938
-1.36693836659325,-0.8,-0.44010027186082,-0.70384,-10.5883259014287,0.000102262941850132,0.998680040827092,12,3,0.390977755714353,-0.4652,0.02553604,1,0.788976099666566,2.87943950156295,1
-3,-1.97794944914549,-0.44969,-0.482875981386246,-16.618020357516,2.65188614633127e-05,0.986967437161854,21,1,1.04568863786257,-0.03247,0.3510918009,0,1,1.88497017239024,0.785486464028592
-1.97794944914549,-1.19338332487696,-0.482814496330216,-0.544528467665178,-15.7365076592915,4.46943329537745e-05,0.991633067592475,16,2,0.619352617607684,-0.07866,0.2984873956,0,0.592291620260564,2.07743373945907,0.865688012554701
-1.19338332487696,-0.8,-0.544120476861334,-0.70824,-13.4810867880627,7.40101409783013e-05,0.996016624622995,8,3,0.181685658166513,-0.4172,0.04318084,1,0.173747377171359,2.39974876552631,1
-1.75,-1.45666955340495,-0.12045,-0.334757224282346,-0.723511270000656,9.56146924190406e-05,0.995920440975433,6,1,0.131970337279257,-0.7306,0.000376359999999999,1,0.627420280285648,2.38938677895613,0.702179464277089
-1.45666955340495,-1.23233623900154,-0.334256470606059,-0.453108260576986,-0.365495607126371,4.83438690822447e-06,0.999310353115938,5,2,0.0644511839305126,-0.5298,0.04848804,0,0.306417189802697,3.16137322166529,0.929046471136277
-1.23233623900154,-0.8,-0.453052971393456,-0.6061,-0.700479693630605,7.4326572698073e-06,0.99960446488137,9,3,0.210338016519286,-0.354,0.156816,0,1,3.40281495047147,1
-1.15,-1.07874163545532,-0.472,-0.479410869912646,-0.339260885700795,0,1,2,1,0.0051326755104443,-0.104,0.021316,0,0.178611812945251,Inf,NA
-1.07874163545532,-0.966863291136561,-0.479413940742878,-0.497012404304219,-0.18534091439521,0,1,2,2,0.0128264698472272,-0.1573,0.00859329,0,0.446347919021775,Inf,NA
-0.966863291136561,-0.8,-0.497034784557442,-0.52692,-0.402708137787618,8.4390584186638e-07,0.997855735103784,4,3,0.0287364840309728,-0.1791,0.00502681,1,1,2.66872156419458,0
-2.3,-1.83067643066224,0.265499999999999,-0.140464887477163,-0.875332666186525,0.000275231899215794,0.998219400078111,10,1,0.385072102600281,-0.865,0.013225,1,0.605195346799505,2.74943365001132,0.911338635954439
-1.83067643066224,-1.13189290738808,-0.140212624920437,-0.52489295448286,-0.515159053050402,0.000165925152880258,0.999038205448245,14,2,0.636277368351696,-0.5505,0.03980025,0,1,3.01691768738835,1
-1.13189290738808,-0.8,-0.52470171914341,-0.63416,-0.367759985510927,5.53275296156484e-05,0.992784986179152,7,3,0.122134017222595,-0.3298,0.17656804,0,0.191950905843137,2.14176283264917,0.709917556452533
-2.1,-1.37596137639524,-0.280359,-0.313092786173171,-1.19522086201409,2.9205635535934e-06,0.997979759066748,15,1,0.525303429228706,-0.04521,0.0419389441,0,1,2.69459683365128,0.904961190012472
-1.37596137639524,-1.22028454228186,-0.313154886942728,-0.389280858824168,-0.383340328540965,2.69275374147794e-06,0.997761185398968,3,2,0.0300304402744571,-0.489,0.057121,0,0.0571677978926394,2.64998186938775,0.889977571443615
-1.22028454228186,-0.8,-0.3891921043694,-0.49834,-0.45963662249208,1.06284963876303e-05,0.998947026977323,9,3,0.188552359601665,-0.2597,9.40899999999997e-05,1,0.358939898562081,2.97758275536008,1
-1.85,-1.58276083287576,-0.154335000000001,-0.379056415634777,-14.8265642395981,0.00020309544225892,0.993476709644161,6,1,0.121916487090157,-0.8409,0.04661281,0,0.27384635297681,2.18553329032129,0.708944995867162
-1.58276083287576,-1.42801131325099,-0.378783602919981,-0.464452936984252,-16.5858699161943,1.98924118784737e-06,0.998707990341366,3,2,0.0312866486231118,-0.5536,0.00509796,1,0.0702754387597329,2.88873423968772,0.937049869103425
-1.42801131325099,-0.8,-0.46498673967422,-0.69038,-13.7456666834404,4.85009426834575e-05,0.999173575269516,13,3,0.445200331371516,-0.3589,0.07080921,0,1,3.08279669517662,1
-2.85,-2.27432646005509,0.9929,0.247978439311289,-1.37483618987733,0.000558605394884766,0.999067039602385,12,1,0.886308156171605,-1.294,1000000.295936,0,0.928860848520828,3.03013679083259,1
-2.27432646005509,-1.53576023329562,0.246656983823688,-0.392645942059315,-0.537044645728507,0.00268038926095614,0.994915461394031,15,2,0.954188302352299,-0.8656,0.01336336,1,1,2.29374845079889,0.756978515867148
-1.53576023329562,-0.8,-0.392145289682662,-0.63914,-0.424926182291331,0.000629545885516682,0.992082041137489,15,3,0.602349507823964,-0.3357,0.17164449,0,0.631269012981013,2.1013867589403,0.69349567494704
-1.85,-1.42935234497237,-0.00924500000000039,-0.350937090178947,-0.403232164866175,0.000333247324152265,0.996626912898627,9,1,0.293697934171105,-0.8123,0.00388129,1,1,2.47197244411852,0.906313013366338
-1.42935234497237,-1.065619351904,-0.350867689736293,-0.545573960925788,-0.146039264692561,3.76130272288875e-05,0.998127180522798,7,2,0.170212222286988,-0.5353,0.04609609,0,0.579548585410972,2.72750408265332,1
-1.065619351904,-0.8,-0.545897831306588,-0.63496,-0.520889050028071,2.8862083636927e-05,0.994308789756723,6,3,0.0784857099982753,-0.3353,0.17197609,0,0.267232761509826,2.24479537049631,0.823021818655746
-2.6,-2.38917702185242,0.72966,0.639512094544097,-2.42015602194892,7.83752221149797e-05,0.986174688644692,5,1,0.0525729729730992,-0.4276,0.03154176,0,0.0349444888468238,1.85932507930938,0.697262029019613
-2.38917702185242,-1.66774395365702,0.640118405047084,-0.351852063721604,-0.723673950914627,0.00228098539823539,0.997845278347348,14,2,1.50447108279501,-1.375,1000001.265625,0,1,2.66660882412268,1
-1.66774395365702,-0.8,-0.352066534511156,-0.59382,-0.423744838622044,0.00713836609858726,0.92413200071583,18,3,0.811424307184174,-0.2786,0.000817960000000001,1,0.539341909900127,1.11994136856941,0.419987123134894
-2,-1.34858482806589,-0.3354,-0.351164247160805,-1.36023012346718,8.32178157753868e-06,0.976805029855233,14,1,0.424590237714495,-0.0242,0.05098564,0,1,1.63460618214377,0.74410108506728
-1.34858482806589,-1.13786308579557,-0.351137530843809,-0.434899423396261,-0.435199879624305,1.25894290712828e-05,0.993643074142177,4,2,0.0514197073094063,-0.3975,0.02175625,0,0.121104308912496,2.1967528538088,1
-1.13786308579557,-0.8,-0.43500192670532,-0.49602,-0.698470315656592,1.43407375266332e-05,0.993446523125241,7,3,0.1178746700119,-0.1806,0.00481636,1,0.277619830937239,2.18352822872611,0.993979921291665
-3.2,-2.06851567287095,-0.458552,-0.49774661709175,-12.0897419435775,2.75423275724617e-05,0.990963599905896,23,1,1.28179300054764,-0.03464,0.3485249296,0,1,2.04400454857783,0.752571259280774
-2.06851567287095,-1.1207117192213,-0.497742499703184,-0.565491526310062,-10.5259243293399,0.000100618368797805,0.986408443451054,19,2,0.902922265160102,-0.07148,0.3063843904,0,0.704421279234894,1.86673080361278,0.687301773663147
-1.1207117192213,-0.8,-0.565740466124478,-0.70432,-15.6915144246426,2.53728066096571e-05,0.998077031879063,7,3,0.122060294055036,-0.4321,0.03721041,1,0.0952262135952423,2.71602791545782,1
-1.25,-1.11444018509358,-0.470375,-0.48600504665871,-0.656484416860029,3.2351867899545e-07,0.995146651402504,3,1,0.0186207617760168,-0.1153,0.01814409,0,0.691959797271064,2.31395851385022,0.736378209090798
-1.11444018509358,-0.961529638156204,-0.485987740856435,-0.49982002893239,-0.194272924643051,4.77555480591516e-08,0.998846282461534,3,2,0.023572967558103,-0.09046,0.0254530116,0,0.875987032581624,2.9379005053058,0.934937208093813
-0.961529638156204,-0.8,-0.499913101082536,-0.52852,-0.336590228403418,2.83495786841646e-07,0.999279474441182,4,3,0.0269101786685483,-0.1771,0.00531441,1,1,3.14235060908069,1
-1.55,-1.42154849021873,-0.377465,-0.439083189242073,-0.170921517765423,2.8930212821156e-06,0.997490111600626,3,1,0.0202965916105584,-0.4797,0.05276209,0,0.1570790337495,2.60034558872358,0.939858011584864
-1.42154849021873,-1.07255837557871,-0.439161832614016,-0.525292592907175,-0.609371194380975,7.30674558827295e-06,0.998288972518735,7,2,0.129212607985138,-0.2468,1.02400000000001e-05,1,1,2.76674301508445,1
-1.07255837557871,-0.8,-0.525280717772743,-0.55578,-0.212964063215165,2.91843665972373e-06,0.994696730886339,6,3,0.0752182743144809,-0.1119,0.01907161,0,0.582127978742853,2.2754563341086,0.822431401002073
-2.3,-1.55797822685906,-0.224542,-0.250854092075578,-0.880242599473634,1.4130798168231e-05,0.985627800876454,15,1,0.551288638004618,-0.03546,0.0460274116,0,1,1.84247677437457,0.704170268545581
-1.55797822685906,-1.08764354796173,-0.250932395110316,-0.453881809054514,-0.351791219772275,9.36208641885445e-05,0.997581877380352,10,2,0.26240317479375,-0.4315,0.03294225,0,0.475981467246477,2.61652168044539,1
-1.08764354796173,-0.8,-0.453731501569398,-0.53338,-0.53628696329537,1.77246093576302e-05,0.994445886768896,6,3,0.0890826939862607,-0.2769,0.000723609999999999,1,0.16158993283209,2.25538527058102,0.861978437800334
-1.85,-1.72674362126751,-0.0834800000000007,-0.189381880606951,-1.62783398467783,3.03068858915094e-06,0.999174647798384,3,1,0.0264073432143346,-0.8592,0.01192464,1,0.071163041246675,3.08336068590132,1
-1.72674362126751,-1.36075463693176,-0.189466030159814,-0.40492374523827,-0.790151341221131,2.86091251780672e-05,0.998809080817822,7,2,0.180369963641943,-0.5887,0.02601769,0,0.486064616880706,2.924117709487,0.948354087427248
-1.36075463693176,-0.8,-0.405195732086159,-0.64318,-0.205073093058337,0.000255282889106184,0.99603538832753,12,3,0.371082274614962,-0.4244,0.10601536,0,1,2.40179934473044,0.778955039451815
-2.3,-1.78297837371197,0.506099999999999,-0.205838779398615,-1.73232765947389,0.000602122084798347,0.998846524119565,11,1,0.774168187661106,-1.377,1000000.393129,0,1,2.93799148229039,1
-1.78297837371197,-1.51884789621546,-0.205330913400792,-0.413122360047302,-0.403271858201331,9.96073727424706e-05,0.993601357268398,5,2,0.112942194441987,-0.7867,0.00134689,1,0.145888446776926,2.19391213799869,0.746738767359654
-1.51884789621546,-0.8,-0.41343805185756,-0.6618,-0.469275384134862,0.00102264278088184,0.987903725020432,15,3,0.578425955178494,-0.3455,0.16362025,0,0.747158000545098,1.91734834909554,0.652605142204437
-1.25,-1.17687968844085,-0.408525,-0.438935737577453,-0.265560466300227,0,1,2,1,0.00627139292251258,-0.4159,0.02752281,0,0.0767707004635188,Inf,NA
-1.17687968844085,-1.08038216887124,-0.439052521915972,-0.466901706063761,-0.402605773085776,0,1,2,2,0.0100873483407843,-0.2886,0.00148996,1,0.123483380408456,Inf,NA
-1.08038216887124,-0.8,-0.466800406997269,-0.52226,-0.561306649293728,2.61075084432081e-06,0.998475409329102,6,3,0.0816899270769677,-0.1978,0.00272484,0,1,2.81684674204341,0
-1.55,-1.26373191012085,-0.34491,-0.43073317334577,-0.214702272760481,4.05929356889525e-06,0.998964697458694,6,1,0.0893150363661973,-0.2998,0.00248004,0,0.500954184207386,2.98493271994614,0
-1.26373191012085,-0.851419172263303,-0.430767994245317,-0.521806646764263,-0.359063488816414,5.50404394279924e-06,0.998921586534276,8,2,0.178289830052048,-0.2208,0.00085264,1,1,2.96721469791065,0
-0.851419172263303,-0.8,-0.521880106332598,-0.53184,-0.328756852482217,0,1,2,3,0.00274313075810921,-0.1937,0.00316969,0,0.0153857949009678,Inf,NA
-2.15,-1.78657547520862,-0.284205,-0.299941281923467,-10.1223738322209,7.98929807029518e-07,0.996091951369079,8,1,0.132325015788618,-0.0433,0.33837489,0,0.198428340471788,2.40804004065207,0.974726824198901
-1.78657547520862,-1.57619720107282,-0.299763119422254,-0.43615135454449,-0.845397808568741,1.77983168378531e-05,0.99661527675522,4,2,0.0628607689081138,-0.6483,0.000542889999999999,1,0.0942630384805178,2.4704768360419,1
-1.57619720107282,-0.8,-0.436341134969295,-0.69008,-8.93596180190334,0.000624093779409499,0.993163799235035,16,3,0.666865506580353,-0.3269,0.08886361,0,1,2.16518519144044,0.876424000359952
-2.8,-2.24654318314245,0.14866,0.0716188110934292,-4.46905045822728,0.000268649775903468,0.962682556732524,12,1,0.312249792914227,-0.1392,0.01227664,0,0.274919898701473,1.42808811875361,0.664844120119921
-2.24654318314245,-1.83776944057505,0.0714603229443411,-0.276160867734981,-0.640178193828375,0.000761578612712772,0.990070025513429,8,2,0.287936464821874,-0.8504,0.36048016,0,0.253513262578958,2.0030518673511,0.932517565838925
-1.83776944057505,-0.8,-0.276013281737612,-0.51854,-0.523537498206479,0.00075333091803072,0.992887937495723,21,3,1.13578462086257,-0.2337,0.00026569,1,1,2.14800443522915,1
-1.9,-1.48435306041701,-0.20429,-0.40417461324546,-0.806643615299585,6.64536846924396e-05,0.998087910948335,9,1,0.212716236996992,-0.4809,0.07241481,1,1,2.71849188520527,0.667255580241377
-1.48435306041701,-1.1080011676483,-0.403681193142587,-0.536721587236325,-0.364365933245496,2.66658436333308e-05,0.996960246721391,7,2,0.159340493651207,-0.3535,0.15721225,0,0.749075368672773,2.51716166444618,0.617838948172751
-1.1080011676483,-0.8,-0.536860039546969,-0.63194,-0.261734297058189,5.62527181065384e-07,0.999915693483335,7,3,0.103904918152467,-0.3087,0.19474569,0,0.488467263333247,4.07413885429308,1
-1.9,-1.56397981113555,0.196799999999999,-0.20709626701507,-1.23238366589097,4.56401197551015e-05,0.999548069934246,7,1,0.276041761833209,-1.202,1000000.204304,0,0.90082335305574,3.34492876520455,1
-1.56397981113555,-1.32400309626425,-0.207977232498228,-0.389039663868626,-0.989134468238979,9.5462925843148e-05,0.993393172097639,5,2,0.0903724277341828,-0.7545,2.02499999999995e-05,1,0.294917670553356,2.18000700574325,0.651734957234564
-1.32400309626425,-0.8,-0.389044545412398,-0.56752,-0.47747264622676,0.000102961671131464,0.996799988617505,11,3,0.306432732784768,-0.3406,0.16760836,0,1,2.49484847688441,0.745859972516289
-1.45,-1.32852477166833,-0.349145,-0.407440962076369,-0.268382741142627,4.0280832785547e-09,0.999996501592276,3,1,0.0181546502926411,-0.4799,0.07295401,1,0.136124237218262,5.4561295768468,1
-1.32852477166833,-1.13856002234797,-0.407066493215246,-0.474219032099991,-0.357393897694708,1.85691917939053e-07,0.999881117554611,4,2,0.0405960694630126,-0.3535,0.15721225,0,0.304390825525961,3.92488227013884,0.719352833333387
-1.13856002234797,-0.8,-0.47426632696248,-0.61118,-0.310755160739751,4.08555647093689e-06,0.999643259014887,7,3,0.133368242596885,-0.4044,0.11943936,0,1,3.44764699274803,0.631885101735522
-3.2,-1.93013674609948,-0.460628,-0.51105426981239,-0.387610135988611,7.91042143960567e-05,0.986522783219579,26,1,1.61509549229402,-0.03971,0.3425643841,0,1,1.87039978596881,0.851847792243815
-1.93013674609948,-1.22473963581456,-0.511100485627729,-0.569465042532703,-1.87945693784963,6.96322609098624e-05,0.982696758568524,14,2,0.50099150470102,-0.08274,0.2940459076,0,0.310193116810345,1.76187253248166,0.802420551086689
-1.22473963581456,-0.8,-0.569429981862487,-0.71622,-11.4362600599846,0.000115457713773142,0.993627602906629,9,3,0.2019510676567,-0.3456,0.07806436,1,0.125039707323966,2.19569716914107,1
-2.15,-1.84432080464825,-0.277799,-0.288846246120012,-17.0152734116102,9.82252606736094e-09,0.999884977647446,7,1,0.0935618121177267,-0.03614,0.3467560996,0,0.144828488910228,3.93921775401593,1
-1.84432080464825,-1.54940160947427,-0.288884065223362,-0.393993266383371,-10.0595522511733,5.24976456433103e-05,0.990160461203833,6,2,0.0980252758505673,-0.3564,0.07214596,0,0.15173768287624,2.00702525756194,0.509498429102028
-1.54940160947427,-0.8,-0.394096996006826,-0.68464,-13.4427889245429,0.000194533767314313,0.998142048388604,15,3,0.646018009452,-0.3877,0.05631129,1,1,2.73096560098686,0.693276120164394
-1.55,-1.373263313621,-0.249995,-0.403243380759232,-0.549971190039423,5.19885121791462e-06,0.999446735313008,4,1,0.0547209225175555,-0.8671,0.01371241,1,0.291513755280981,3.25706704844502,1
-1.373263313621,-1.21460799410495,-0.402978473957502,-0.499218790775936,-0.728201217890967,3.9471135772502e-06,0.997848752768492,3,2,0.0344337089920516,-0.6066,0.02056356,0,0.183438059058765,2.66730967556811,0.81892992557262
-1.21460799410495,-0.8,-0.499609395387968,-0.62536,-0.456478091292201,6.1850858186871e-05,0.995534215555325,9,3,0.187713003336023,-0.3033,0.19954089,0,1,2.35010224336655,0.721539412118805
-2.15,-1.8805726729046,0.17316,-0.075359766512793,-0.350571560580526,8.12639353617316e-05,0.997821798208227,6,1,0.134353158933342,-0.9224,0.02972176,0,0.2333167797841,2.66190188904583,1
-1.8805726729046,-1.22557720895598,-0.0758649863508065,-0.459037332760752,-0.362636056890368,0.000377943722628144,0.997578997689782,13,2,0.575840104846578,-0.585,0.027225,1,1,2.61600479613676,0.982757781908515
-1.22557720895598,-0.8,-0.458648510638529,-0.61458,-0.479073578484148,0.00011545488057041,0.994300135607359,9,3,0.205430590157248,-0.3664,0.14714896,0,0.356749362241766,2.24413547664824,0.843057171221537
-3.65,-2.12696213651953,-0.5034895,-0.550353375059294,-16.4063802188613,8.59344156017603e-05,0.985601275901631,31,1,2.32184055638074,-0.03077,0.3531092929,0,1,1.84167598995946,0.903079169208295
-2.12696213651953,-1.12317415600008,-0.550416274751809,-0.641208897589793,-10.9527004188893,0.0001255212235023,0.99086580033356,20,2,1.01583361019712,-0.09045,0.2857437025,0,0.437512217368013,2.03932949928854,1
-1.12317415600008,-0.8,-0.641167458136384,-0.70842,-14.6914550910541,0.000110738501649712,0.964685129557606,7,3,0.108964439493479,-0.2081,0.17380561,1,0.0469301990586861,1.45204238268073,0.712019506012788
-3.1,-2.55571647394703,-0.396734,-0.408632037879518,-2.41883931985496,1.1503067528807e-07,0.999125050698881,11,1,0.296386120038036,-0.02186,0.0520478596,0,0.179489562391478,3.0580171114143,1
-2.55571647394703,-1.27070444894031,-0.40862239401172,-0.404588741265224,-2.48255354923803,8.75138981021981e-05,0.291605095842262,26,2,1.65127217476635,0.003139,1000000.06094035,0,1,0.149724571570239,0.0489613256287481
-1.27070444894031,-0.8,-0.404533905783032,-0.54358,-0.435553345568602,0.000105109059180333,0.994192405423069,10,3,0.240896494569195,-0.2954,0.00206116,1,0.145885395666696,2.23600370896556,0.731193982080577
-1.7,-1.61727176660183,-0.23729,-0.294066386581164,-0.391027818209858,0,1,2,1,0.0100675186743959,-0.6863,0.00405769,1,0.0204250269178255,Inf,NA
-1.61727176660183,-0.973617684007308,-0.294116418468243,-0.574492136846417,-0.29547498073852,0.000142791559994554,0.998348946617266,13,2,0.492901121496673,-0.4356,0.09884736,0,1,2.7822388846705,0
-0.973617684007308,-0.8,-0.57442965556121,-0.63122,-0.451776932533555,4.00386889031576e-07,0.999703157089902,4,3,0.0333682434215378,-0.3271,0.17884441,0,0.0676976415071173,3.52747331945907,0
-1.7,-1.56629152385206,-0.36197,-0.400598378759139,-0.519754387196841,1.30552675604153e-06,0.996888688515692,3,1,0.0193701082393626,-0.2889,0.00151321,1,0.103632660351722,2.50705650797054,1
-1.56629152385206,-1.2265852352661,-0.400598956137306,-0.444930626797774,-0.389458317773024,6.28472263623053e-06,0.99481077674837,7,2,0.117365659528398,-0.1305,0.01428025,0,0.627921918688387,2.28489764461337,0.911386575192511
-1.2265852352661,-0.8,-0.444881411751673,-0.51514,-0.380643505197784,1.80497276914042e-05,0.995601834244914,9,3,0.186911232169683,-0.1647,0.00727609,0,1,2.35672840727107,0.940038008628228
-2.95,-1.67695319080169,-0.4081565,-0.460262305900487,-4.56775723473812,7.36372129479305e-05,0.988129583342225,26,1,1.62336319341853,-0.04093,0.3411377649,0,1,1.92553403681654,0.58243881114475
-1.67695319080169,-1.07590266978209,-0.460175024829594,-0.590182252526133,-0.507884665931839,9.74067261390022e-05,0.994212363282449,12,2,0.378163608071271,-0.2163,0.16703569,0,0.232950709739157,2.23749873679875,0.676802424304854
-1.07590266978209,-0.8,-0.590525446991211,-0.70348,-0.620367171439957,3.62865135415412e-06,0.999505672364424,6,3,0.0888810142383027,-0.4094,0.04648336,1,0.0547511577191388,3.30598510946071,1
-1.75,-1.5272269497263,-0.37705,-0.44811460303731,-1.15954469781136,3.08264210299785e-05,0.987980435466102,5,1,0.0546780097330986,-0.319,0.004761,1,0.174611328478718,1.92011126643901,0.877688317255636
-1.5272269497263,-0.970035412351691,-0.448035888639924,-0.499793410546651,-0.443589827184938,2.53379135307498e-05,0.989465135229961,11,2,0.313141250395806,-0.09289,0.0246835521,0,1,1.97737103480696,0.903861920121123
-0.970035412351691,-0.8,-0.499899155590289,-0.52316,-0.383791161233535,1.57554823850878e-06,0.993509046386218,4,3,0.0294531083362624,-0.1368,0.01281424,0,0.0940569417125149,2.18769149445082,1
-1.75,-1.57969392403791,-0.349375,-0.403515301548347,-0.716525297154154,6.95783612728358e-06,0.994484469453255,4,1,0.03193533176135,-0.3179,0.00461041,1,0.116686530999839,2.25841270580918,0.873906457414992
-1.57969392403791,-1.31473025711089,-0.403429748761229,-0.439570792930075,-0.467453832307333,3.82457779124133e-06,0.991991755965137,5,2,0.0715119198650304,-0.1364,0.01290496,0,0.261292975333603,2.09646270109075,0.811238923470566
-1.31473025711089,-0.8,-0.439644985308663,-0.53312,-0.523757582720198,2.37830388718861e-05,0.997395483103508,11,3,0.273684815956986,-0.1816,0.00467856,0,1,2.58427282078856,1
-3.25,-2.57805316667938,-0.40375225,-0.40919972297773,-4.73436485347096,4.43951459630018e-05,0.436950792869519,14,1,0.451542221771449,-0.008107,0.058512223449,0,0.202286313583844,0.24945364875187,0.138221970613264
-2.57805316667938,-1.08442908089031,-0.409229846126362,-0.445017079221868,-3.38258049816441,0.000903442618494052,0.784756443666516,30,2,2.23219363570188,-0.02396,0.0510940816,0,1,0.667069840992536,0.369622606925182
-1.08442908089031,-0.8,-0.444945461305765,-0.55428,-0.54566085318129,0.0001078419431506,0.984322827221577,6,3,0.0928539434075871,-0.3844,0.01806336,1,0.0415976203508845,1.80473225526371,1
-2.35,-2.15865493405664,0.305499999999999,0.085453174165135,-0.927498333642758,2.31712100568999e-05,0.998600880395177,4,1,0.0850335398208678,-1.15,1000000.16,0,0.0782910757944905,2.85414515792119,1
-2.15865493405664,-1.26879155271989,0.0859160478009273,-0.456544669461956,-0.664066984582132,0.00162410949963978,0.996405067228266,18,2,1.08612046721744,-0.6096,0.01971216,1,1,2.44430922687724,0.856406766871503
-1.26879155271989,-0.8,-0.456312252597871,-0.62128,-0.492579307362349,4.59447725033134e-05,0.998204246641129,10,3,0.246979877584456,-0.3519,0.15848361,0,0.227396393898368,2.74575331256678,0.962023008867091
-3.15,-2.06843072532615,-0.4343675,-0.471735718439982,-0.52005098896906,2.01751589469317e-05,0.992411482771097,22,1,1.1711884796679,-0.03455,0.3486312025,0,1,2.11984307551627,0.905544739088686
-2.06843072532615,-1.26623205024109,-0.471785588293995,-0.527754989854679,-0.292980071063619,3.75019883998774e-05,0.990981142766744,16,2,0.646655288219287,-0.06977,0.3082803529,0,0.552135970806893,2.04484848781642,0.873508898730464
-1.26623205024109,-0.8,-0.527793463059872,-0.69242,-0.308671312829999,0.000117686645858917,0.995439199930367,10,3,0.244474221336906,-0.3531,0.07392961,1,0.208740288673457,2.34095896537328,1
-1.15,-1.02951204836727,-0.6752385,-0.676565072347476,-0.477907664781096,3.72501752020037e-10,0.9993860182594,3,1,0.0145191062828448,-0.01101,0.5461062201,0,0.638409820260845,3.21184454428989,0
-1.02951204836727,-0.87872673963172,-0.676524787828397,-0.67905496530898,-0.162567929239434,9.59916442447168e-10,0.999318568549114,3,2,0.0227426111285576,-0.01678,0.5376115684,0,1,3.16657782581495,0
-0.87872673963172,-0.8,-0.679058708886051,-0.680908,-1.43227575924794,0,1,2,3,0.00620131941066475,-0.02349,0.5278167801,1,0.272674029187345,Inf,NA
-1.65,-1.42259517052413,-0.182275,-0.397513671098914,-1.04320113336275,1.0211397091442e-05,0.999545108236805,5,1,0.0980406420053768,-0.9465,0.03861225,0,0.510241857750973,3.34209192694545,1
-1.42259517052413,-1.21854515082941,-0.397484682340801,-0.5310966352369,-0.989994805697248,1.77058135556837e-05,0.996680361319378,4,2,0.0594885644941228,-0.6548,0.00906303999999999,1,0.309601763529406,2.47890918363079,0.741723817841365
-1.21854515082941,-0.8,-0.530988749061887,-0.66124,-0.344218743319067,7.67174203885195e-05,0.99472421890362,9,3,0.192145431653759,-0.3112,0.19254544,0,1,2.27771323257342,0.681523214310615
-1.9,-1.81594342567075,-0.20123,-0.241434259501682,-19.1275388923484,0,1,2,1,0.00868189017004765,-0.4783,0.02152089,0,0.0175197182395762,Inf,NA
-1.81594342567075,-1.46347461700675,-0.241709103747081,-0.467888338266767,-11.4715798703203,2.12002181244767e-05,0.999265274922484,7,2,0.175391307208926,-0.6417,0.000278890000000002,1,0.353932867588265,3.13387513663424,0
-1.46347461700675,-0.8,-0.468051900809405,-0.70332,-3.26304142182801,5.97644429299426e-05,0.999165294303792,14,3,0.495549645909013,-0.3546,0.07311616,0,1,3.07846662277117,0
-1.2,-1.11587324331786,-0.57100988,-0.571079292986938,-0.135762643417359,0,1,2,1,0.00707731600801919,-0.0008251,0.06208813079001,0,0.111821969059552,Inf,NA
-1.11587324331786,-0.86429691422391,-0.571065593174979,-0.571591890855444,-0.534402762546919,9.73217299202383e-12,0.999909083186231,5,2,0.0632909263496342,-0.002092,0.061458376464,0,1,4.0413557927746,0
-0.86429691422391,-0.8,-0.571554226144518,-0.5718552,-0.55218633012277,0,1,2,3,0.00413418376397859,-0.004681,0.060181411761,1,0.0653203231872507,Inf,NA
-1.95,-1.88088433245378,-0.18765,-0.231400217556758,-1.96216281878561,0,1,2,1,0.00669105703662339,-0.633,0.013689,1,0.014387839376142,Inf,NA
-1.88088433245378,-1.24933831480731,-0.231827722958331,-0.489119570547502,-0.305799110654656,0.00022087425314163,0.997084328967822,13,2,0.465049467240965,-0.4074,0.11737476,0,1,2.53526147794291,0
-1.24933831480731,-0.8,-0.489022116018903,-0.62288,-0.589754218933558,4.21728232188367e-06,0.999683310738654,9,3,0.219822854257769,-0.2979,0.20439441,0,0.472687035987654,3.49936666292191,0
-2.4,-2.02097155807286,0.665,0.140045607930905,-1.0599271622054,2.81826642270597e-05,0.99986080996355,8,1,0.419239673542351,-1.385,1000000.403225,0,0.33847655412918,3.85639185143129,1
-2.02097155807286,-1.7889418014914,0.139915278186134,-0.102555817441489,-1.17138616115484,7.54953350793446e-05,0.997069053613124,5,2,0.11263004015411,-1.045,1000000.087025,0,0.0909327773315885,2.53299212564107,0.656829550322007
-1.7889418014914,-0.8,-0.10254824207014,-0.61304,-0.578426445281048,0.00173431479273458,0.996057551594519,20,3,1.23860772165137,-0.5162,0.05466244,1,1,2.40423398154031,0.623441308395044
-1.75,-1.25892343739922,0.0422,-0.38326873383732,-0.612647204733258,0.000364723472390339,0.997649544772081,10,1,0.422179833808934,-0.8664,0.01354896,0,1,2.62884801695095,0.914580425574101
-1.25892343739922,-1.11740193561146,-0.383505091002385,-0.474616633853341,-0.826901763789163,3.61623033165095e-06,0.998258297345105,3,2,0.028329648708943,-0.6438,0.01127844,1,0.0671032731557808,2.75902598616,0.959869549065415
-1.11740193561146,-0.8,-0.474296921113903,-0.59218,-0.639790027560184,1.2914418332933e-05,0.99866456114143,7,3,0.114640409017568,-0.3714,0.14333796,0,0.271544019484006,2.87437599082745,1
-1.95,-1.62718035416393,-0.0397250000000002,-0.302661601533476,-1.13878111196328,0.000374313234017412,0.99200498260947,7,1,0.173348180163697,-0.8145,0.00416025,1,0.345070265542187,2.09718058725197,0.650183136196196
-1.62718035416393,-0.971411754461961,-0.302593336757371,-0.57152403949515,-0.362859805649442,9.91195277063559e-05,0.998706336402279,13,2,0.502356179230122,-0.4101,0.11553201,0,1,2.88817864225096,0.895414090197271
-0.971411754461961,-0.8,-0.571559026417173,-0.61988,-0.437098085094425,5.91463005765525e-07,0.999405054598748,4,3,0.0317169060557198,-0.2819,0.21911761,0,0.0631362912751009,3.22552288809154,1
-2.95,-2.16499230010041,-0.4015445,-0.426892398629758,-1.60006910620823,2.16371168344142e-06,0.997564418443312,16,1,0.616879604866596,-0.03229,0.3513051441,0,0.879270737734348,2.61339732327705,1
-2.16499230010041,-1.60559207251292,-0.426827645389844,-0.455552847076461,-0.535172187379213,2.0353727466651e-06,0.997200833421565,11,2,0.313753751836865,-0.05135,0.3290743225,0,0.447209618648649,2.55297125589515,0.976878346494161
-1.60559207251292,-0.8,-0.455587936955571,-0.68494,-0.556286077671111,0.000359101487611634,0.995675746310921,17,3,0.701580956118401,-0.2847,0.11580409,1,1,2.36408883540897,0.904603679797355
-2.35,-1.95855398048771,0.0984649999999997,0.0108202362311993,-2.81104609478516,0.000127721238229907,0.976309517931659,8,1,0.160911590808101,-0.2239,0.27678121,0,0.177673293230521,1.625426101899,0.531951587223795
-1.95855398048771,-1.67810321843304,0.0108082766555315,-0.232735165112745,-1.02239782963386,0.000153463688265794,0.995370460864065,6,2,0.137966037965383,-0.8684,0.01401856,1,0.152337567456593,2.33446224023093,0.763997140536889
-1.67810321843304,-0.8,-0.232688475338674,-0.59956,-0.458603153601429,0.000186191920682823,0.999120147818397,18,3,0.905659977829796,-0.4178,0.11035684,0,1,3.05559028478878,1
-2.05,-1.7238860729956,-0.2836465,-0.300040247110511,-19.5609239796416,2.36760387566739e-06,0.986869382746672,7,1,0.106619048330557,-0.05027,0.3303145729,0,0.396921770463099,1.88171485780898,0.70793518443278
-1.7238860729956,-1.24768857066646,-0.300418543041092,-0.50499299004169,-17.6396775222536,0.000240221393308703,0.993796312229697,10,2,0.268614765590111,-0.4296,0.03818116,1,1,2.2073500682161,0.830445043873331
-1.24768857066646,-0.8,-0.504687783443816,-0.68148,-8.89749575920267,5.24099843733966e-05,0.997802305522798,9,3,0.231680544140224,-0.3949,0.05294601,0,0.862501149671549,2.65803268319919,1
-2.2,-1.78921600879937,-0.294136,-0.309178909757767,-11.1552026894703,6.27332701387644e-07,0.997042877737355,9,1,0.168969776560698,-0.03662,0.3461910244,0,0.417855392143426,2.52913071913483,0.736525612543007
-1.78921600879937,-1.38399444064931,-0.309251366767482,-0.439692189554988,-12.289758499873,3.10653145523263e-05,0.997175977530525,8,2,0.181219327543478,-0.3219,0.09186961,0,0.44814803402102,2.54913185212089,0.742350280525828
-1.38399444064931,-0.8,-0.439636795524213,-0.69128,-15.9508345584681,2.4454698209083e-05,0.999631757953636,12,3,0.40437380906814,-0.4309,0.03767481,1,1,3.43386662468191,1
-1.3,-1.18780311060178,-0.39543,-0.414604448398156,-0.429590482717773,5.70179121584065e-08,0.999613692606613,3,1,0.0129558014620101,-0.1709,0.00625681,0,0.241283681798506,3.4130669799822,1
-1.18780311060178,-1.02515429091604,-0.414641401392986,-0.476269039171911,-0.652189032701666,3.53630575508739e-07,0.999510379310858,3,2,0.0302526042833735,-0.3789,0.01661521,0,0.563412442440525,3.31014023916635,0.96984332817975
-1.02515429091604,-0.8,-0.476179961020127,-0.53096,-0.375887545877858,1.581685286667e-06,0.998931266154014,5,3,0.0536953073885426,-0.2433,4.48900000000002e-05,1,1,2.97113043661647,0.870516299282226
-2.45,-2.19615010577435,0.4775,0.0738786681812136,-11.9553792685196,0.00157098850701011,0.986132193772449,6,1,0.227349948297545,-1.59,1000000.931225,0,0.138168030165884,1.85799223529465,0.625603916487928
-2.19615010577435,-1.95652324577732,0.0741481304974057,-0.119542260438189,-16.079931403465,1.65810879886557e-05,0.998225102137112,4,2,0.0949369995728174,-0.8083,0.03359889,0,0.0576963325439964,2.75082663351616,0.926229874816511
-1.95652324577732,-0.8,-0.12026014667604,-0.67516,-12.3169275680992,0.000712061665926131,0.998928277976755,24,3,1.64545986524227,-0.4798,0.02108304,1,1,2.9699178447047,1
-1.5,-1.44966033906962,-0.396115,-0.399749020122564,-0.910731031852101,0,1,2,1,0.00254728756483639,-0.07219,0.4594263961,0,0.0159767122398613,Inf,NA
-1.44966033906962,-1.1747402314118,-0.399780839301429,-0.465211824923991,-0.14842414339154,1.0378796670266e-05,0.991177652564124,5,2,0.0798622794741286,-0.238,0.262144,0,0.500900124348344,2.05441584312159,0
-1.1747402314118,-0.8,-0.465213068863598,-0.60308,-0.346634891081538,4.9448225201794e-06,0.999638105862755,8,3,0.15943753173954,-0.3679,0.14600041,1,1,3.44141845248943,0
-1.45,-1.20525926563992,-0.441149,-0.464737111977624,-0.309506544846798,1.26379593222595e-06,0.994587725292269,5,1,0.0604544260817782,-0.09638,0.0235991044,0,1,2.26662016827838,0.714891151628437
-1.20525926563992,-0.967037867792906,-0.464749458421478,-0.496027927958791,-0.240676343220435,2.91329702348833e-07,0.999324820593278,5,2,0.0577277770487838,-0.1313,0.01408969,0,0.954897445733651,3.17058081235905,1
-0.967037867792906,-0.8,-0.49606378493198,-0.53186,-0.594547009782827,4.35455547256007e-07,0.999242257067162,4,3,0.0291830182899962,-0.2143,0.00127449,1,0.482727571518413,3.1204781054303,0.98419762501134
-2,-1.74480566572334,-0.0562000000000002,-0.200614473767162,-3.1568418308922,1.08269787631702e-05,0.999239019405481,6,1,0.0859796884803534,-0.5659,0.03389281,1,0.274893951555694,3.11862641786888,1
-1.74480566572334,-1.33018492220548,-0.200870205665215,-0.419997268614402,-0.829849851226293,0.000100386885538526,0.996622626896963,8,2,0.219927030672038,-0.5285,0.04906225,0,0.703149913472428,2.47142095960758,0.792470988332239
-1.33018492220548,-0.8,-0.419956921615619,-0.59794,-0.512486333639998,4.89347722182148e-05,0.998422575969392,11,3,0.312774027925215,-0.3357,0.17164449,0,1,2.80205154738164,0.8984890050718
-2.7,-1.90960183108339,-0.376367,-0.403074554127692,-0.440386305355625,7.44211864643987e-06,0.992388078402322,16,1,0.625442558874207,-0.03379,0.3495292641,0,1,2.11850569356831,0.661388965552159
-1.90960183108339,-1.42003180755799,-0.403064916037489,-0.434069385627353,-0.247421599901542,1.63199474950176e-05,0.980651388001636,10,2,0.240640085069216,-0.06333,0.3154731889,0,0.384751695667092,1.71335018429221,0.534901043437335
-1.42003180755799,-0.8,-0.434362411811228,-0.69924,-0.311187660942469,5.20458282181155e-05,0.999373553733979,13,3,0.454599579108326,-0.4272,0.03912484,1,0.726844652091797,3.20311617506301,1
-2.05,-1.62500668108188,0.02847,-0.266220367337825,-1.31937274943869,0.00139078945493893,0.981086176360862,9,1,0.267461733726741,-0.6934,0.00320356,1,0.539749826456323,1.72322066483481,0.51038555461933
-1.62500668108188,-0.973617893087942,-0.266634762760754,-0.53350874920187,-0.461124976246319,0.000452227848171817,0.99411532958194,13,2,0.495529077763185,-0.4097,0.11580409,0,1,2.23027785561175,0.660566358981501
-0.973617893087942,-0.8,-0.533483981570386,-0.588,-0.613668445296948,5.1816213855649e-07,0.999579575121595,4,3,0.0331151690657141,-0.314,0.190096,0,0.0668279028451685,3.37631159275279,1
-3.45,-1.81730134211437,-0.455946,-0.516878313912292,-15.8670753139071,0.000203283012882227,0.980861560681349,33,1,2.66941765434023,-0.03732,0.3453677824,0,1,1.71809348050553,0.734651234802596
-1.81730134211437,-1.07504269503899,-0.51695023998963,-0.589958800515965,-14.9523153401143,0.000110826031149808,0.983911721457584,15,2,0.556278149068304,-0.09836,0.2773496896,0,0.208389327224178,1.79349042324255,0.766890724510571
-1.07504269503899,-0.8,-0.589834202835573,-0.6916,-13.0452836428402,2.75956343445522e-05,0.995414907148786,6,3,0.086004761566824,-0.37,0.065025,1,0.0322185482766206,2.33865186514957,1
-1.75,-1.33225872567703,-0.30545,-0.347808965216349,-0.936620565004346,1.30468128836468e-05,0.991665721787935,9,1,0.176302054207177,-0.1014,0.42068196,0,1,2.07913200616479,0.76123226117505
-1.33225872567703,-1.05981624634703,-0.347748735661284,-0.469966431888724,-0.566095583100606,9.33465178107099e-06,0.99814335673976,5,2,0.0891620698146233,-0.4486,0.09084196,1,0.505734718835701,2.73127153459761,1
-1.05981624634703,-0.8,-0.470005097203153,-0.57336,-0.316997229326255,1.53354660005374e-05,0.997779252359209,6,3,0.0781867177980046,-0.3978,0.12404484,0,0.44348160405508,2.65350079059107,0.971525810223771
-1.75,-1.58783676650147,-0.2615,-0.276873074535661,-13.1730997792589,2.97501204070408e-06,0.974200049554427,4,1,0.0265332457193791,-0.0948,0.28111204,0,0.0746091701088893,1.58838112819316,0.413040812987108
-1.58783676650147,-1.33985361405541,-0.276781066098546,-0.429712276212028,-14.4104800990333,1.71679095230514e-05,0.998197543771768,5,2,0.0848835989238572,-0.6167,6.88899999999996e-05,1,0.23868526823084,2.74413527310951,0.713581799754243
-1.33985361405541,-0.8,-0.430206698923795,-0.68356,-13.868900057765,8.64346508193044e-06,0.999857301017969,11,3,0.355629819774899,-0.4693,0.02424249,0,1,3.84557912499252,1
-1.75,-1.04565618834458,0.866,-0.027107953179069,-14.2722831361658,0.000371581093171785,0.999629265608801,15,1,1.29374202104899,-1.268,1000000.413449,0,1,3.43093712474709,0
-1.04565618834458,-0.933269991516136,-0.0273101902010859,-0.715788031972153,-13.0658489410375,0,1,2,2,0.486632395847309,-6.126,1000030.261001,0,0.376143302087953,Inf,NA
-0.933269991516136,-0.8,-0.71573501786811,-0.63512,-14.9088206422934,4.01680458160765e-09,0.999997745432434,3,3,0.0242596717445866,0.6049,1000000.00040401,1,0.0187515527438125,5.64693674510041,0
-2,-1.7650561598325,0.0679999999999996,-0.221920698766699,-14.6522786483071,1.75507715771283e-05,0.999539445855429,5,1,0.139252619606024,-1.234,1000000.370881,0,0.235915318966319,3.33671930508456,1
-1.7650561598325,-1.51741718504898,-0.221354612155849,-0.428108392202607,-18.3542357560932,7.70368866809426e-05,0.995589134654273,5,2,0.104072187395455,-0.8349,0.04405801,1,0.176314265070093,2.35547620009973,0.705925786598353
-1.51741718504898,-0.8,-0.428525734689231,-0.70344,-7.78043351340203,0.000480896731628977,0.995341265265078,15,3,0.590265270674961,-0.3832,0.05846724,0,1,2.33173201727006,0.698809760148814
-2.5,-2.3224714886088,0.515,0.309777040831769,-0.656819891552101,3.84649528654338e-05,0.997662553993882,4,1,0.0736328353265415,-1.156,1000000.164836,0,0.0388665037519675,2.63125841233397,0.949742022851191
-2.3224714886088,-1.18909864901896,0.310415102800322,-0.470592120961034,-0.427313297354036,0.00204049333513987,0.998303702740277,23,2,1.89450627708735,-0.6891,0.00370880999999999,1,1,2.77049803949366,1
-1.18909864901896,-0.8,-0.470935174856134,-0.6221,-0.287591567380633,9.11764882340556e-05,0.994315782091196,8,3,0.174248563029156,-0.3885,0.13068225,0,0.0919757116334547,2.24532928141715,0.810442472584283
-1.75,-1.37256656317939,-0.42511,-0.43986009871095,-0.623907950700342,5.13494363033794e-07,0.996807754698317,8,1,0.142673564642203,-0.03908,0.5054072464,0,0.933766773521189,2.49590374355117,0.924207779004509
-1.37256656317939,-1.1632054535519,-0.439800425721804,-0.458119522814209,-0.519976911510316,1.91074635681276e-07,0.998007433837817,4,2,0.0441676635427343,-0.0875,0.43890625,0,0.289067542285749,2.70058724915688,1
-1.1632054535519,-0.8,-0.458176870577055,-0.60266,-0.493911145792668,0.00010389659710775,0.993786138647449,8,3,0.152793576177687,-0.3978,0.12404484,1,1,2.20663844121525,0.817095778669681
-1.8,-1.32542102911601,0.0298199999999997,-0.409118090170602,-0.28964739779772,0.000720549065058969,0.995934400404748,10,1,0.417891846607922,-0.9249,0.03059001,1,1,2.39087539552962,1
-1.32542102911601,-1.07032187008518,-0.40893436025025,-0.548677679567336,-0.25250661692492,4.15300342196394e-05,0.994509988734654,5,2,0.0846037762319917,-0.5478,0.04088484,0,0.202453761466587,2.26042676438915,0.945438967089468
-1.07032187008518,-0.8,-0.548551354775804,-0.62216,-0.301828687125437,2.9168166846643e-05,0.991079175390366,6,3,0.0784921460980928,-0.2723,0.22819729,0,0.187828852692922,2.04959499911475,0.857257138095534
-1.75,-1.12085005743153,-0.20305,-0.499631282926775,-0.522505807815261,5.01499709607904e-05,0.999504248395674,13,1,0.483790107616394,-0.4714,0.07761796,1,1,3.30473587167837,0.837941633825215
-1.12085005743153,-0.916887242445168,-0.499559977027386,-0.581145103021933,-0.350422685332419,2.27624127954588e-07,0.999886204151227,4,2,0.0482569626807089,-0.4,0.1225,0,0.0997477251415249,3.9438735805407,1
-0.916887242445168,-0.8,-0.581185918305251,-0.61956,-0.342462022636167,1.11399500857778e-07,0.999793287120288,3,3,0.0151351975923508,-0.3283,0.17783089,0,0.0312846363620808,3.6846324628334,0.934267386514007
-2.55,-1.52091987081835,-0.327432,-0.384401875951496,-13.1371715459412,0.000105595760502661,0.982415731693245,21,1,1.06225147904244,-0.05536,0.3244897296,0,1,1.75487569825689,0.47473609515716
-1.52091987081835,-1.26534796008252,-0.384487436524283,-0.464660344922113,-13.7350402022937,6.02539764602102e-06,0.997555800864452,5,2,0.0717446967981308,-0.3137,0.09690769,0,0.0675402183132796,2.61186341383595,0.70657188962156
-1.26534796008252,-0.8,-0.464251324728322,-0.71056,-11.7081205917038,1.16209796377248e-05,0.999798872667156,10,3,0.277216687467052,-0.5293,0.00915849,1,0.260970865125974,3.69652890555108,1
-1.4,-1.33962777756246,-0.43996,-0.450772665038564,-0.257951430209438,0,1,2,1,0.00376171896728421,-0.1791,0.00502681,0,0.0296362985178674,Inf,NA
-1.33962777756246,-0.986696129442135,-0.450865329474137,-0.49953460374993,-0.722457371817178,2.95472378205674e-06,0.997794593922143,7,2,0.12692944650346,-0.1379,0.01256641,0,1,2.6565114328922,0
-0.986696129442135,-0.8,-0.499511991732141,-0.53336,-0.45571041683427,1.2681539857197e-06,0.99684213753943,4,3,0.0360011324123757,-0.1813,0.00471969,1,0.283631051770122,2.50060678943742,0
